player_id,season,league,team,games,goals,assists,points,age,timing,regular_season,source,source_id,source_url
2025-003-anton-frondell,2024-25,Swe-1,Djurgårdens IF,29,11,14,25,,pre_draft,true,wikipedia-career,Anton Frondell,https://en.wikipedia.org/wiki/Anton_Frondell
2025-003-anton-frondell,2024-25,Swe-1,Djurgårdens IF,16,3,4,7,,pre_draft,false,wikipedia-career,Anton Frondell,https://en.wikipedia.org/wiki/Anton_Frondell
2025-007-james-hagens,2024-25,H-East,Boston College,37,11,26,37,,pre_draft,true,wikipedia-career,James Hagens,https://en.wikipedia.org/wiki/James_Hagens
2025-016-victor-eklund,2024-25,Swe-1,Djurgårdens IF,42,19,12,31,,pre_draft,true,wikipedia-career,Victor Eklund,https://en.wikipedia.org/wiki/Victor_Eklund
2025-016-victor-eklund,2024-25,Swe-1,Djurgårdens IF,16,2,5,7,,pre_draft,false,wikipedia-career,Victor Eklund,https://en.wikipedia.org/wiki/Victor_Eklund
2025-020-pyotr-andreyanov,2024-25,Rus-MHL,Krasnaya Armiya,0,0,0,0,,pre_draft,true,wikipedia,2025-020-pyotr-andreyanov,https://en.wikipedia.org/wiki/2025_NHL_entry_draft
2025-023-logan-hensler,2024-25,B1G,University of Wisconsin,32,2,10,12,,pre_draft,true,wikipedia-career,Logan Hensler,https://en.wikipedia.org/wiki/Logan_Hensler
2025-024-will-horcoff,2024-25,B1G,University of Michigan,18,4,6,10,,pre_draft,true,wikipedia-career,Will Horcoff,https://en.wikipedia.org/wiki/Will_Horcoff
2025-028-sascha-boumedienne,2024-25,H-East,Boston University,40,3,10,13,,pre_draft,true,wikipedia-career,Sascha Boumedienne,https://en.wikipedia.org/wiki/Sascha_Boumedienne
2025-029-mason-west,2024-25,USHS-MN,Edina Hornets,0,0,0,0,,pre_draft,true,wikipedia,2025-029-mason-west,https://en.wikipedia.org/wiki/2025_NHL_entry_draft
2025-032-cullen-potter,2024-25,NCHC,Arizona State University,35,13,9,22,,pre_draft,true,wikipedia-career,Cullen Potter,https://en.wikipedia.org/wiki/Cullen_Potter
2025-034-alexander-zharovsky,2024-25,Rus-MHL,Tolpar Ufa,45,24,26,50,,pre_draft,true,wikipedia-career,Alexander Zharovsky,https://en.wikipedia.org/wiki/Alexander_Zharovsky
2025-037-milton-gastrin,2024-25,SweHL,Modo Hockey,0,0,0,0,,pre_draft,true,wikipedia,2025-037-milton-gastrin,https://en.wikipedia.org/wiki/2025_NHL_entry_draft
2025-041-semyon-frolov,2024-25,Rus-MHL,JHC Spartak,0,0,0,0,,pre_draft,true,wikipedia,2025-041-semyon-frolov,https://en.wikipedia.org/wiki/2025_NHL_entry_draft
2025-042-daniil-prokhorov,2024-25,Rus-MHL,HC Dinamo Saint Petersburg,0,0,0,0,,pre_draft,true,wikipedia,2025-042-daniil-prokhorov,https://en.wikipedia.org/wiki/2025_NHL_entry_draft
2025-044-eddie-genborg,2024-25,SweHL,Linköping HC,28,2,0,2,,pre_draft,true,wikipedia-career,Eddie Genborg,https://en.wikipedia.org/wiki/Eddie_Genborg
2025-045-eric-nilson,2024-25,Swe-Jr,Djurgardens IF J20,0,0,0,0,,pre_draft,true,wikipedia,2025-045-eric-nilson,https://en.wikipedia.org/wiki/2025_NHL_entry_draft
2025-046-max-psenicka,2024-25,WHL,Portland Winterhawks,0,0,0,0,,pre_draft,true,wikipedia,2025-046-max-psenicka,https://en.wikipedia.org/wiki/2025_NHL_entry_draft
2025-047-alexei-medvedev,2024-25,OHL,London Knights,0,0,0,0,,pre_draft,true,wikipedia,2025-047-alexei-medvedev,https://en.wikipedia.org/wiki/2025_NHL_entry_draft
2025-048-shane-vansaghi,2024-25,B1G,Michigan State Spartans,0,0,0,0,,pre_draft,true,wikipedia,2025-048-shane-vansaghi,https://en.wikipedia.org/wiki/2025_NHL_entry_draft
2025-049-charlie-cerrato,2024-25,B1G,Penn State Nittany Lions,0,0,0,0,,pre_draft,true,wikipedia,2025-049-charlie-cerrato,https://en.wikipedia.org/wiki/2025_NHL_entry_draft
2025-051-william-moore,2024-25,USHL,U.S. NTDP,0,0,0,0,,pre_draft,true,wikipedia,2025-051-william-moore,https://en.wikipedia.org/wiki/2025_NHL_entry_draft
2025-052-theodor-hallquisth,2024-25,Swe-Jr,Orebro HK J20,0,0,0,0,,pre_draft,true,wikipedia,2025-052-theodor-hallquisth,https://en.wikipedia.org/wiki/2025_NHL_entry_draft
2025-054-theo-stockselius,2024-25,Swe-Jr,Djurgardens IF J20,0,0,0,0,,pre_draft,true,wikipedia,2025-054-theo-stockselius,https://en.wikipedia.org/wiki/2025_NHL_entry_draft
2025-055-jakob-ihs-wozniak,2024-25,Swe-Jr,Luleå HF,40,23,34,57,,pre_draft,true,wikipedia-career,Jakob Ihs-Wozniak,https://en.wikipedia.org/wiki/Jakob_Ihs-Wozniak
2025-055-jakob-ihs-wozniak,2024-25,Swe-Jr,Luleå HF,3,3,1,4,,pre_draft,false,wikipedia-career,Jakob Ihs-Wozniak,https://en.wikipedia.org/wiki/Jakob_Ihs-Wozniak
2025-059-vojtech-cihar,2024-25,Czech,HC Energie Karlovy Vary,0,0,0,0,,pre_draft,true,wikipedia,2025-059-vojtech-cihar,https://en.wikipedia.org/wiki/2025_NHL_entry_draft
2025-060-lasse-boelius,2024-25,SM-liiga,Porin Ässät,7,0,2,2,,pre_draft,true,wikipedia-career,Lasse Boelius,https://en.wikipedia.org/wiki/Lasse_Boelius
2025-061-liam-pettersson,2024-25,Swe-Jr,Vaxjo Lakers HC J20,0,0,0,0,,pre_draft,true,wikipedia,2025-061-liam-pettersson,https://en.wikipedia.org/wiki/2025_NHL_entry_draft
2025-064-tinus-luc-koblar,2024-25,Swe-Jr,Leksands IF,43,8,13,21,,pre_draft,true,wikipedia-career,Tinus Luc Koblar,https://en.wikipedia.org/wiki/Tinus_Luc_Koblar
2025-064-tinus-luc-koblar,2024-25,Swe-Jr,Leksands IF,7,4,0,4,,pre_draft,false,wikipedia-career,Tinus Luc Koblar,https://en.wikipedia.org/wiki/Tinus_Luc_Koblar
2025-065-kieren-dervin,2024-25,Ont. H.S.,St. Andrew's Saints,0,0,0,0,,pre_draft,true,wikipedia,2025-065-kieren-dervin,https://en.wikipedia.org/wiki/2025_NHL_entry_draft
2025-067-kurban-limatov,2024-25,Rus-MHL,MHC Dynamo Moscow,0,0,0,0,,pre_draft,true,wikipedia,2025-067-kurban-limatov,https://en.wikipedia.org/wiki/2025_NHL_entry_draft
2025-076-malte-vass,2024-25,Swe-Jr,Farjestad BK J20,0,0,0,0,,pre_draft,true,wikipedia,2025-076-malte-vass,https://en.wikipedia.org/wiki/2025_NHL_entry_draft
2025-077-francesco-dell-elce,2024-25,H-East,UMass Minutemen,0,0,0,0,,pre_draft,true,wikipedia,2025-077-francesco-dell-elce,https://en.wikipedia.org/wiki/2025_NHL_entry_draft
2025-078-stepan-hoch,2024-25,Czech,Motor Ceske Budejovice,0,0,0,0,,pre_draft,true,wikipedia,2025-078-stepan-hoch,https://en.wikipedia.org/wiki/2025_NHL_entry_draft
2025-082-arseni-radkov,2024-25,Rus-MHL,Tyumensky Legion,0,0,0,0,,pre_draft,true,wikipedia,2025-082-arseni-radkov,https://en.wikipedia.org/wiki/2025_NHL_entry_draft
2025-087-roman-bausov,2024-25,Rus-MHL,HC Dinamo Saint Petersburg U20,0,0,0,0,,pre_draft,true,wikipedia,2025-087-roman-bausov,https://en.wikipedia.org/wiki/2025_NHL_entry_draft
2025-089-artyom-gonchar,2024-25,Rus-MHL,Magnitogorsk Stalnye Lisy,0,0,0,0,,pre_draft,true,wikipedia,2025-089-artyom-gonchar,https://en.wikipedia.org/wiki/2025_NHL_entry_draft
2025-093-blake-vanek,2024-25,USHS-MN,Stillwater Ponies,0,0,0,0,,pre_draft,true,wikipedia,2025-093-blake-vanek,https://en.wikipedia.org/wiki/2025_NHL_entry_draft
2025-096-maxim-schafer,2024-25,DEL,Eisbaren Berlin,0,0,0,0,,pre_draft,true,wikipedia,2025-096-maxim-schafer,https://en.wikipedia.org/wiki/2025_NHL_entry_draft
2025-099-trenten-bennett,2024-25,CCHL,Kemptville 73's,0,0,0,0,,pre_draft,true,wikipedia,2025-099-trenten-bennett,https://en.wikipedia.org/wiki/2025_NHL_entry_draft
2025-100-vashek-blanar,2024-25,J18 Regional,IF Troja-Ljungby,0,0,0,0,,pre_draft,true,wikipedia,2025-100-vashek-blanar,https://en.wikipedia.org/wiki/2025_NHL_entry_draft
2025-101-drew-schock,2024-25,USHL,U.S. NTDP,0,0,0,0,,pre_draft,true,wikipedia,2025-101-drew-schock,https://en.wikipedia.org/wiki/2025_NHL_entry_draft
2025-102-adam-benak,2024-25,USHL,Youngstown Phantoms,0,0,0,0,,pre_draft,true,wikipedia,2025-102-adam-benak,https://en.wikipedia.org/wiki/2025_NHL_entry_draft
2025-103-matous-kucharcik,2024-25,Czech. Jr,HC Slavia Praha U20,0,0,0,0,,pre_draft,true,wikipedia,2025-103-matous-kucharcik,https://en.wikipedia.org/wiki/2025_NHL_entry_draft
2025-104-elijah-neuenschwander,2024-25,U20-Elit,HC Fribourg-Gotteron U20,0,0,0,0,,pre_draft,true,wikipedia,2025-104-elijah-neuenschwander,https://en.wikipedia.org/wiki/2025_NHL_entry_draft
2025-106-tomas-poletin,2024-25,SM-liiga,Lahti Pelicans,0,0,0,0,,pre_draft,true,wikipedia,2025-106-tomas-poletin,https://en.wikipedia.org/wiki/2025_NHL_entry_draft
2025-108-benjamin-rautiainen,2024-25,SM-liiga,Tappara,0,0,0,0,,pre_draft,true,wikipedia,2025-108-benjamin-rautiainen,https://en.wikipedia.org/wiki/2025_NHL_entry_draft
2025-110-yegor-borikov,2024-25,KHL,Dinamo Minsk,0,0,0,0,,pre_draft,true,wikipedia,2025-110-yegor-borikov,https://en.wikipedia.org/wiki/2025_NHL_entry_draft
2025-111-mikkel-eriksen,2024-25,Swe-Jr,Farjestad BK J20,0,0,0,0,,pre_draft,true,wikipedia,2025-111-mikkel-eriksen,https://en.wikipedia.org/wiki/2025_NHL_entry_draft
2025-112-mads-kongsbak-klyvo,2024-25,Swe-Jr,Frolunda HC J20,0,0,0,0,,pre_draft,true,wikipedia,2025-112-mads-kongsbak-klyvo,https://en.wikipedia.org/wiki/2025_NHL_entry_draft
2025-114-gustav-hillstrom,2024-25,SweHL,Brynas IF,0,0,0,0,,pre_draft,true,wikipedia,2025-114-gustav-hillstrom,https://en.wikipedia.org/wiki/2025_NHL_entry_draft
2025-115-ilyas-magomedsultanov,2024-25,KHL,Lokomotiv Yaroslavl,0,0,0,0,,pre_draft,true,wikipedia,2025-115-ilyas-magomedsultanov,https://en.wikipedia.org/wiki/2025_NHL_entry_draft
2025-118-linus-funck,2024-25,Swe-Jr,Lulea HF J20,0,0,0,0,,pre_draft,true,wikipedia,2025-118-linus-funck,https://en.wikipedia.org/wiki/2025_NHL_entry_draft
2025-119-michal-svrcek,2024-25,SweHL,Brynas IF,0,0,0,0,,pre_draft,true,wikipedia,2025-119-michal-svrcek,https://en.wikipedia.org/wiki/2025_NHL_entry_draft
2025-124-zack-sharp,2024-25,NCHC,Western Michigan Broncos,0,0,0,0,,pre_draft,true,wikipedia,2025-124-zack-sharp,https://en.wikipedia.org/wiki/2025_NHL_entry_draft
2025-132-max-westergard,2024-25,Swe-Jr,Frolunda HC J20,0,0,0,0,,pre_draft,true,wikipedia,2025-132-max-westergard,https://en.wikipedia.org/wiki/2025_NHL_entry_draft
2025-134-maxim-agafonov,2024-25,Rus-MHL,Ufa Tolpar,0,0,0,0,,pre_draft,true,wikipedia,2025-134-maxim-agafonov,https://en.wikipedia.org/wiki/2025_NHL_entry_draft
2025-137-william-belle,2024-25,USHL,U.S. NTDP,0,0,0,0,,pre_draft,true,wikipedia,2025-137-william-belle,https://en.wikipedia.org/wiki/2025_NHL_entry_draft
2025-139-zeb-lindgren,2024-25,Swe-Jr,Skellefteå AIK,38,4,15,19,,pre_draft,true,wikipedia-career,Zeb Lindgren,https://en.wikipedia.org/wiki/Zeb_Lindgren
2025-139-zeb-lindgren,2024-25,Swe-Jr,Skellefteå AIK,9,0,1,1,,pre_draft,false,wikipedia-career,Zeb Lindgren,https://en.wikipedia.org/wiki/Zeb_Lindgren
2025-140-nikita-tyurin,2024-25,Rus-MHL,JHC Spartak,0,0,0,0,,pre_draft,true,wikipedia,2025-140-nikita-tyurin,https://en.wikipedia.org/wiki/2025_NHL_entry_draft
2025-142-ivan-tkach-tkachenko,2024-25,Rus-MHL,Ufa Tolpar,0,0,0,0,,pre_draft,true,wikipedia,2025-142-ivan-tkach-tkachenko,https://en.wikipedia.org/wiki/2025_NHL_entry_draft
2025-143-wilson-bjorck,2024-25,Swe-1,Djurgardens IF,0,0,0,0,,pre_draft,true,wikipedia,2025-143-wilson-bjorck,https://en.wikipedia.org/wiki/2025_NHL_entry_draft
2025-146-atte-joki,2024-25,Finland Jr.,Lukko U20,0,0,0,0,,pre_draft,true,wikipedia,2025-146-atte-joki,https://en.wikipedia.org/wiki/2025_NHL_entry_draft
2025-147-mikhail-fyodorov,2024-25,Rus-MHL,Stalnye Lisy,0,0,0,0,,pre_draft,true,wikipedia,2025-147-mikhail-fyodorov,https://en.wikipedia.org/wiki/2025_NHL_entry_draft
2025-149-dmitri-isayev,2024-25,Rus-MHL,JHC Avto,0,0,0,0,,pre_draft,true,wikipedia,2025-149-dmitri-isayev,https://en.wikipedia.org/wiki/2025_NHL_entry_draft
2025-150-max-heise,2024-25,BCHL,Penticton Vees,0,0,0,0,,pre_draft,true,wikipedia,2025-150-max-heise,https://en.wikipedia.org/wiki/2025_NHL_entry_draft
2025-151-everett-baldwin,2024-25,USHS-Prep,St. George's Dragons,0,0,0,0,,pre_draft,true,wikipedia,2025-151-everett-baldwin,https://en.wikipedia.org/wiki/2025_NHL_entry_draft
2025-152-petteri-rimpinen,2024-25,SM-liiga,Kiekko-Espoo,0,0,0,0,,pre_draft,true,wikipedia,2025-152-petteri-rimpinen,https://en.wikipedia.org/wiki/2025_NHL_entry_draft
2025-156-viktor-klingsell,2024-25,Swe-Jr,Skelleftea AIK J20,0,0,0,0,,pre_draft,true,wikipedia,2025-156-viktor-klingsell,https://en.wikipedia.org/wiki/2025_NHL_entry_draft
2025-158-mans-goos,2024-25,Swe-Jr,Farjestad BK J20,0,0,0,0,,pre_draft,true,wikipedia,2025-158-mans-goos,https://en.wikipedia.org/wiki/2025_NHL_entry_draft
2025-159-emile-guite,2024-25,QMJHL,Chicoutimi Sagueneens,0,0,0,0,,pre_draft,true,wikipedia,2025-159-emile-guite,https://en.wikipedia.org/wiki/2025_NHL_entry_draft
2025-161-david-rozsival,2024-25,Czech. Jr,Bili Tygri Liberec U20,0,0,0,0,,pre_draft,true,wikipedia,2025-161-david-rozsival,https://en.wikipedia.org/wiki/2025_NHL_entry_draft
2025-163-daniel-nieminen,2024-25,SM-liiga,Lahti Pelicans,0,0,0,0,,pre_draft,true,wikipedia,2025-163-daniel-nieminen,https://en.wikipedia.org/wiki/2025_NHL_entry_draft
2025-165-kirill-yemelyanov,2024-25,Rus-MHL,Loko Yaroslavl,0,0,0,0,,pre_draft,true,wikipedia,2025-165-kirill-yemelyanov,https://en.wikipedia.org/wiki/2025_NHL_entry_draft
2025-166-samuel-jung,2024-25,Finland Jr.,Karpat U20,0,0,0,0,,pre_draft,true,wikipedia,2025-166-samuel-jung,https://en.wikipedia.org/wiki/2025_NHL_entry_draft
2025-173-victor-hedin-raftheim,2024-25,Swe-Jr,Brynas J20,0,0,0,0,,pre_draft,true,wikipedia,2025-173-victor-hedin-raftheim,https://en.wikipedia.org/wiki/2025_NHL_entry_draft
2025-174-ludvig-johnson,2024-25,U20-Elit,Zug U20,0,0,0,0,,pre_draft,true,wikipedia,2025-174-ludvig-johnson,https://en.wikipedia.org/wiki/2025_NHL_entry_draft
2025-176-aidan-lane,2024-25,Ont. H.S.,St. Andrew's Saints,0,0,0,0,,pre_draft,true,wikipedia,2025-176-aidan-lane,https://en.wikipedia.org/wiki/2025_NHL_entry_draft
2025-177-carlos-handel,2024-25,QMJHL,Halifax Mooseheads,0,0,0,0,,pre_draft,true,wikipedia,2025-177-carlos-handel,https://en.wikipedia.org/wiki/2025_NHL_entry_draft
2025-178-sigge-holmgren,2024-25,Swe-Jr,Brynas J20,0,0,0,0,,pre_draft,true,wikipedia,2025-178-sigge-holmgren,https://en.wikipedia.org/wiki/2025_NHL_entry_draft
2025-179-love-harenstam,2024-25,Swe-Jr,Skelleftea J20,0,0,0,0,,pre_draft,true,wikipedia,2025-179-love-harenstam,https://en.wikipedia.org/wiki/2025_NHL_entry_draft
2025-180-aron-dahlqvist,2024-25,Swe-Jr,Brynas J20,0,0,0,0,,pre_draft,true,wikipedia,2025-180-aron-dahlqvist,https://en.wikipedia.org/wiki/2025_NHL_entry_draft
2025-182-reko-alanko,2024-25,Finland Jr.,Jokerit U20,0,0,0,0,,pre_draft,true,wikipedia,2025-182-reko-alanko,https://en.wikipedia.org/wiki/2025_NHL_entry_draft
2025-183-viggo-nordlund,2024-25,Swe-Jr,Skelleftea J20,0,0,0,0,,pre_draft,true,wikipedia,2025-183-viggo-nordlund,https://en.wikipedia.org/wiki/2025_NHL_entry_draft
2025-184-jan-chovan,2024-25,Finland Jr.,Tappara U20,0,0,0,0,,pre_draft,true,wikipedia,2025-184-jan-chovan,https://en.wikipedia.org/wiki/2025_NHL_entry_draft
2025-186-alexander-weiermair,2024-25,WHL,Portland Winterhawks,0,0,0,0,,pre_draft,true,wikipedia,2025-186-alexander-weiermair,https://en.wikipedia.org/wiki/2025_NHL_entry_draft
2025-187-gustav-sjoqvist,2024-25,Swe-1,AIK,0,0,0,0,,pre_draft,true,wikipedia,2025-187-gustav-sjoqvist,https://en.wikipedia.org/wiki/2025_NHL_entry_draft
2025-191-daniel-salonen,2024-25,Finland Jr.,Lukko U20,0,0,0,0,,pre_draft,true,wikipedia,2025-191-daniel-salonen,https://en.wikipedia.org/wiki/2025_NHL_entry_draft
2025-192-arvid-drott,2024-25,Swe-Jr,Djurgardens IF J20,0,0,0,0,,pre_draft,true,wikipedia,2025-192-arvid-drott,https://en.wikipedia.org/wiki/2025_NHL_entry_draft
2025-194-ilya-kanarsky,2024-25,Rus-MHL,AKM Tula,0,0,0,0,,pre_draft,true,wikipedia,2025-194-ilya-kanarsky,https://en.wikipedia.org/wiki/2025_NHL_entry_draft
2025-195-melvin-novotny,2024-25,USHL,Muskegon Lumberjacks,0,0,0,0,,pre_draft,true,wikipedia,2025-195-melvin-novotny,https://en.wikipedia.org/wiki/2025_NHL_entry_draft
2025-198-jeremy-loranger,2024-25,BCHL,Sherwood Park Crusaders,0,0,0,0,,pre_draft,true,wikipedia,2025-198-jeremy-loranger,https://en.wikipedia.org/wiki/2025_NHL_entry_draft
2025-199-yevgeni-prokhorov,2024-25,Rus-MHL,Dinamo-Shinnik Bobruysk,0,0,0,0,,pre_draft,true,wikipedia,2025-199-yevgeni-prokhorov,https://en.wikipedia.org/wiki/2025_NHL_entry_draft
2025-201-kale-dach,2024-25,BCHL,Sherwood Park Crusaders,0,0,0,0,,pre_draft,true,wikipedia,2025-201-kale-dach,https://en.wikipedia.org/wiki/2025_NHL_entry_draft
2025-203-felix-farhammar,2024-25,SweHL,Orebro HK,0,0,0,0,,pre_draft,true,wikipedia,2025-203-felix-farhammar,https://en.wikipedia.org/wiki/2025_NHL_entry_draft
2025-204-grayden-robertson-palmer,2024-25,USHS-Prep,Phillips Andover Big Blue,0,0,0,0,,pre_draft,true,wikipedia,2025-204-grayden-robertson-palmer,https://en.wikipedia.org/wiki/2025_NHL_entry_draft
2025-205-karl-annborn,2024-25,SweHL,HV71,0,0,0,0,,pre_draft,true,wikipedia,2025-205-karl-annborn,https://en.wikipedia.org/wiki/2025_NHL_entry_draft
2025-206-roman-luttsev,2024-25,KHL,Loko Yaroslavl,0,0,0,0,,pre_draft,true,wikipedia,2025-206-roman-luttsev,https://en.wikipedia.org/wiki/2025_NHL_entry_draft
2025-208-jakob-leander,2024-25,Swe-Jr,HV71 J20,0,0,0,0,,pre_draft,true,wikipedia,2025-208-jakob-leander,https://en.wikipedia.org/wiki/2025_NHL_entry_draft
2025-211-yan-matveiko,2024-25,Rus-MHL,Krasnaya Armiya Moskva,0,0,0,0,,pre_draft,true,wikipedia,2025-211-yan-matveiko,https://en.wikipedia.org/wiki/2025_NHL_entry_draft
2025-213-andrei-trofimov,2024-25,Rus-MHL,Stalnye Lisy Magnitogorsk,0,0,0,0,,pre_draft,true,wikipedia,2025-213-andrei-trofimov,https://en.wikipedia.org/wiki/2025_NHL_entry_draft
2025-214-nolan-roed,2024-25,OHL,Tri-City Storm,0,0,0,0,,pre_draft,true,wikipedia,2025-214-nolan-roed,https://en.wikipedia.org/wiki/2025_NHL_entry_draft
2025-216-william-sharpe,2024-25,WHL,Kelowna Rockets,0,0,0,0,,pre_draft,true,wikipedia,2025-216-william-sharpe,https://en.wikipedia.org/wiki/2025_NHL_entry_draft
2025-218-loke-krantz,2024-25,Swe-Jr,Linköping HC,44,12,5,17,,pre_draft,true,wikipedia-career,Loke Krantz,https://en.wikipedia.org/wiki/Loke_Krantz
2025-218-loke-krantz,2024-25,Swe-Jr,Linköping HC,3,1,0,1,,pre_draft,false,wikipedia-career,Loke Krantz,https://en.wikipedia.org/wiki/Loke_Krantz
2025-224-yegor-midlak,2024-25,Rus-MHL,JHC Spartak,0,0,0,0,,pre_draft,true,wikipedia,2025-224-yegor-midlak,https://en.wikipedia.org/wiki/2025_NHL_entry_draft
2025-025-vaclav-nestrasil,2024-25,USHL,MUS,61,19,23,42,,pre_draft,true,ushl,10343,https://ushl.com/ht/#/player/10343/85/Vaclav%20Nestrasil
2025-025-vaclav-nestrasil,2024-25,USHL,MUS,14,7,6,13,,pre_draft,false,ushl,10343,https://ushl.com/ht/#/player/10343/87/Vaclav%20Nestrasil
2025-026-ryker-lee,2024-25,USHL,MAD,58,31,37,68,,pre_draft,true,ushl,10389,https://ushl.com/ht/#/player/10389/85/Ryker%20Lee
2025-026-ryker-lee,2024-25,USHL,MAD,6,3,3,6,,pre_draft,false,ushl,10389,https://ushl.com/ht/#/player/10389/87/Ryker%20Lee
2025-035-jacob-rombach,2024-25,USHL,LIN,57,3,15,18,,pre_draft,true,ushl,10119,https://ushl.com/ht/#/player/10119/85/Jacob%20Rombach
2025-035-jacob-rombach,2024-25,USHL,LIN,7,0,0,0,,pre_draft,false,ushl,10119,https://ushl.com/ht/#/player/10119/87/Jacob%20Rombach
2025-038-carter-amico,2024-25,USHL,NTDP,4,0,2,2,,pre_draft,true,ushl,10258,https://ushl.com/ht/#/player/10258/85/Carter%20Amico
2025-040-jack-murtagh,2024-25,USHL,NTDP,24,7,11,18,,pre_draft,true,ushl,10242,https://ushl.com/ht/#/player/10242/85/Jack%20Murtagh
2025-050-conrad-fondrk,2024-25,USHL,NTDP,15,6,6,12,,pre_draft,true,ushl,10239,https://ushl.com/ht/#/player/10239/85/Conrad%20Fondrk
2025-053-cole-mckinney,2024-25,USHL,NTDP,23,15,11,26,,pre_draft,true,ushl,10249,https://ushl.com/ht/#/player/10249/85/Cole%20McKinney
2025-062-ivan-ryabkin,2024-25,USHL,MUS,27,19,11,30,,pre_draft,true,ushl,10644,https://ushl.com/ht/#/player/10644/85/Ivan%20Ryabkin
2025-062-ivan-ryabkin,2024-25,USHL,MUS,14,7,9,16,,pre_draft,false,ushl,10644,https://ushl.com/ht/#/player/10644/87/Ivan%20Ryabkin
2025-063-ben-kevan,2024-25,USHL,DM,51,13,30,43,,pre_draft,true,ushl,10065,https://ushl.com/ht/#/player/10065/85/Ben%20Kevan
2025-070-sean-barnhill,2024-25,USHL,DBQ,54,4,8,12,,pre_draft,true,ushl,10362,https://ushl.com/ht/#/player/10362/85/Sean%20Barnhill
2025-070-sean-barnhill,2024-25,USHL,DBQ,7,0,1,1,,pre_draft,false,ushl,10362,https://ushl.com/ht/#/player/10362/87/Sean%20Barnhill
2025-073-charlie-trethewey,2024-25,USHL,NTDP,24,2,7,9,,pre_draft,true,ushl,10259,https://ushl.com/ht/#/player/10259/85/Charlie%20Trethewey
2025-075-michal-pradel,2024-25,USHL,TC,14,0,0,0,,pre_draft,true,ushl,10715,https://ushl.com/ht/#/player/10715/85/Michal%20Pradel
2025-075-michal-pradel,2024-25,USHL,TC,1,0,0,0,,pre_draft,false,ushl,10715,https://ushl.com/ht/#/player/10715/87/Michal%20Pradel
2025-079-cooper-simpson,2024-25,USHL,TC,9,7,1,8,,pre_draft,true,ushl,10091,https://ushl.com/ht/#/player/10091/85/Cooper%20Simpson
2025-079-cooper-simpson,2024-25,USHL,TC,2,0,0,0,,pre_draft,false,ushl,10091,https://ushl.com/ht/#/player/10091/87/Cooper%20Simpson
2025-080-mace-o-phillips,2024-25,USHL,NTDP,25,2,1,3,,pre_draft,true,ushl,10256,https://ushl.com/ht/#/player/10256/85/Maceo%20Phillips
2025-090-mason-moe,2024-25,USHL,MAD,51,17,26,43,,pre_draft,true,ushl,10219,https://ushl.com/ht/#/player/10219/85/Mason%20Moe
2025-090-mason-moe,2024-25,USHL,MAD,6,5,1,6,,pre_draft,false,ushl,10219,https://ushl.com/ht/#/player/10219/87/Mason%20Moe
2025-091-brady-peddle,2024-25,USHL,WAT,62,3,7,10,,pre_draft,true,ushl,10569,https://ushl.com/ht/#/player/10569/85/Brady%20Peddle
2025-091-brady-peddle,2024-25,USHL,WAT,15,1,9,10,,pre_draft,false,ushl,10569,https://ushl.com/ht/#/player/10569/87/Brady%20Peddle
2025-095-teddy-mutryn,2024-25,USHL,NTDP,51,18,14,32,,pre_draft,true,ushl,10270,https://ushl.com/ht/#/player/10270/85/Teddy%20Mutryn
2025-109-brent-solomon,2024-25,USHL,SF,8,4,2,6,,pre_draft,true,ushl,10754,https://ushl.com/ht/#/player/10754/85/Brent%20Solomon
2025-109-brent-solomon,2024-25,USHL,SF,2,0,0,0,,pre_draft,false,ushl,10754,https://ushl.com/ht/#/player/10754/87/Brent%20Solomon
2025-113-l-j-mooney,2024-25,USHL,NTDP,26,5,23,28,,pre_draft,true,ushl,10241,https://ushl.com/ht/#/player/10241/85/LJ%20Mooney
2025-120-caeden-herrington,2024-25,USHL,LIN,56,16,18,34,,pre_draft,true,ushl,10322,https://ushl.com/ht/#/player/10322/85/Caeden%20Herrington
2025-120-caeden-herrington,2024-25,USHL,LIN,7,0,2,2,,pre_draft,false,ushl,10322,https://ushl.com/ht/#/player/10322/87/Caeden%20Herrington
2025-131-asher-barnett,2024-25,USHL,NTDP,21,3,3,6,,pre_draft,true,ushl,10237,https://ushl.com/ht/#/player/10237/85/Asher%20Barnett
2025-138-sam-laurila,2024-25,USHL,FGO,57,8,33,41,,pre_draft,true,ushl,9892,https://ushl.com/ht/#/player/9892/85/Sam%20Laurila
2025-138-sam-laurila,2024-25,USHL,FGO,2,0,1,1,,pre_draft,false,ushl,9892,https://ushl.com/ht/#/player/9892/87/Sam%20Laurila
2025-144-ethan-wyttenbach,2024-25,USHL,SF,44,24,27,51,,pre_draft,true,ushl,10539,https://ushl.com/ht/#/player/10539/85/Ethan%20Wyttenbach
2025-144-ethan-wyttenbach,2024-25,USHL,SF,4,1,3,4,,pre_draft,false,ushl,10539,https://ushl.com/ht/#/player/10539/87/Ethan%20Wyttenbach
2025-155-jackson-crowder,2024-25,USHL,CHI,56,11,13,24,,pre_draft,true,ushl,10281,https://ushl.com/ht/#/player/10281/85/Jackson%20Crowder
2025-167-ashton-schultz,2024-25,USHL,CHI,58,14,25,39,,pre_draft,true,ushl,10357,https://ushl.com/ht/#/player/10357/85/Ashton%20Schultz
2025-168-anthony-allain-samake,2024-25,USHL,SC,61,0,14,14,,pre_draft,true,ushl,10448,https://ushl.com/ht/#/player/10448/85/Anthony%20Allain-Samake
2025-168-anthony-allain-samake,2024-25,USHL,SC,5,0,1,1,,pre_draft,false,ushl,10448,https://ushl.com/ht/#/player/10448/87/Anthony%20Allain-Samake
2025-169-carter-sanderson,2024-25,USHL,MUS,48,5,6,11,,pre_draft,true,ushl,10587,https://ushl.com/ht/#/player/10587/85/Carter%20Sanderson
2025-169-carter-sanderson,2024-25,USHL,MUS,13,0,1,1,,pre_draft,false,ushl,10587,https://ushl.com/ht/#/player/10587/87/Carter%20Sanderson
2025-181-bruno-idzan,2024-25,USHL,LIN,36,22,22,44,,pre_draft,true,ushl,10695,https://ushl.com/ht/#/player/10695/85/Bruno%20Idzan
2025-181-bruno-idzan,2024-25,USHL,LIN,6,3,0,3,,pre_draft,false,ushl,10695,https://ushl.com/ht/#/player/10695/87/Bruno%20Idzan
2025-188-edison-engle,2024-25,USHL,DBQ,54,2,15,17,,pre_draft,true,ushl,10334,https://ushl.com/ht/#/player/10334/85/Edison%20Engle
2025-188-edison-engle,2024-25,USHL,DBQ,7,0,4,4,,pre_draft,false,ushl,10334,https://ushl.com/ht/#/player/10334/87/Edison%20Engle
2025-193-caleb-heil,2024-25,USHL,MAD,39,0,4,4,,pre_draft,true,ushl,9900,https://ushl.com/ht/#/player/9900/85/Caleb%20Heil
2025-193-caleb-heil,2024-25,USHL,MAD,6,0,0,0,,pre_draft,false,ushl,9900,https://ushl.com/ht/#/player/9900/87/Caleb%20Heil
2025-196-brendan-mcmorrow,2024-25,USHL,WAT,58,24,18,42,,pre_draft,true,ushl,9882,https://ushl.com/ht/#/player/9882/85/Brendan%20McMorrow
2025-196-brendan-mcmorrow,2024-25,USHL,WAT,15,7,7,14,,pre_draft,false,ushl,9882,https://ushl.com/ht/#/player/9882/87/Brendan%20McMorrow
2025-202-jacob-kvasnicka,2024-25,USHL,NTDP,27,5,9,14,,pre_draft,true,ushl,10252,https://ushl.com/ht/#/player/10252/85/Jacob%20Kvasnicka
2025-207-matthew-lansing,2024-25,USHL,FGO,54,12,15,27,,pre_draft,true,ushl,10299,https://ushl.com/ht/#/player/10299/85/Matthew%20Lansing
2025-207-matthew-lansing,2024-25,USHL,FGO,2,1,0,1,,pre_draft,false,ushl,10299,https://ushl.com/ht/#/player/10299/87/Matthew%20Lansing
2025-209-maxon-vig,2024-25,USHL,CR,62,10,22,32,,pre_draft,true,ushl,10500,https://ushl.com/ht/#/player/10500/85/Maxon%20Vig
2025-209-maxon-vig,2024-25,USHL,CR,3,0,0,0,,pre_draft,false,ushl,10500,https://ushl.com/ht/#/player/10500/87/Maxon%20Vig
2025-210-richard-gallant,2024-25,USHL,NTDP,27,11,11,22,,pre_draft,true,ushl,10246,https://ushl.com/ht/#/player/10246/85/Richard%20Gallant
2025-219-ryan-rucinski,2024-25,USHL,YNG,49,19,23,42,,pre_draft,true,ushl,10143,https://ushl.com/ht/#/player/10143/85/Ryan%20Rucinski
2025-219-ryan-rucinski,2024-25,USHL,YNG,3,3,0,3,,pre_draft,false,ushl,10143,https://ushl.com/ht/#/player/10143/87/Ryan%20Rucinski
2025-223-aidan-park,2024-25,USHL,GB,55,33,33,66,,pre_draft,true,ushl,10017,https://ushl.com/ht/#/player/10017/85/Aidan%20Park
2025-223-aidan-park,2024-25,USHL,GB,2,2,1,3,,pre_draft,false,ushl,10017,https://ushl.com/ht/#/player/10017/87/Aidan%20Park
2025-001-matthew-schaefer,2024-25,OHL,Erie Otters,17,7,15,22,,pre_draft,true,wikipedia-career,Matthew Schaefer,https://en.wikipedia.org/wiki/Matthew_Schaefer
2025-002-michael-misa,2024-25,OHL,Saginaw Spirit,65,62,72,134,,pre_draft,true,wikipedia-career,Michael Misa,https://en.wikipedia.org/wiki/Michael_Misa
2025-002-michael-misa,2024-25,OHL,Saginaw Spirit,4,2,1,3,,pre_draft,false,wikipedia-career,Michael Misa,https://en.wikipedia.org/wiki/Michael_Misa
2025-003-anton-frondell,2024-25,Sweden Jrs.,Djurgårdens IF,10,5,2,7,,pre_draft,true,wikipedia-career,Anton Frondell,https://en.wikipedia.org/wiki/Anton_Frondell
2025-004-caleb-desnoyers,2024-25,QMJHL,Moncton Wildcats,56,35,49,84,,pre_draft,true,wikipedia-career,Caleb Desnoyers,https://en.wikipedia.org/wiki/Caleb_Desnoyers
2025-004-caleb-desnoyers,2024-25,QMJHL,Moncton Wildcats,19,9,21,30,,pre_draft,false,wikipedia-career,Caleb Desnoyers,https://en.wikipedia.org/wiki/Caleb_Desnoyers
2025-005-brady-martin,2024-25,OHL,Sault Ste. Marie Greyhounds,57,33,39,72,,pre_draft,true,wikipedia-career,Brady Martin,https://en.wikipedia.org/wiki/Brady_Martin
2025-005-brady-martin,2024-25,OHL,Sault Ste. Marie Greyhounds,5,2,2,4,,pre_draft,false,wikipedia-career,Brady Martin,https://en.wikipedia.org/wiki/Brady_Martin
2025-006-porter-martone,2024-25,OHL,Brampton Steelheads,57,37,61,98,,pre_draft,true,wikipedia-career,Porter Martone,https://en.wikipedia.org/wiki/Porter_Martone
2025-006-porter-martone,2024-25,OHL,Brampton Steelheads,6,4,5,9,,pre_draft,false,wikipedia-career,Porter Martone,https://en.wikipedia.org/wiki/Porter_Martone
2025-009-radim-mrtka,2024-25,ELH,Oceláři Třinec,10,0,1,1,,pre_draft,true,wikipedia-career,Radim Mrtka,https://en.wikipedia.org/wiki/Radim_Mrtka
2025-009-radim-mrtka,2024-25,WHL,Seattle Thunderbirds,43,3,32,35,,pre_draft,true,wikipedia-career,Radim Mrtka,https://en.wikipedia.org/wiki/Radim_Mrtka
2025-009-radim-mrtka,2024-25,WHL,Seattle Thunderbirds,6,0,3,3,,pre_draft,false,wikipedia-career,Radim Mrtka,https://en.wikipedia.org/wiki/Radim_Mrtka
2025-013-carter-bear,2024-25,WHL,Everett Silvertips,56,40,42,82,,pre_draft,true,wikipedia-career,Carter Bear,https://en.wikipedia.org/wiki/Carter_Bear
2025-015-braeden-cootes,2024-25,WHL,Seattle Thunderbirds,60,26,37,63,,pre_draft,true,wikipedia-career,Braeden Cootes,https://en.wikipedia.org/wiki/Braeden_Cootes
2025-015-braeden-cootes,2024-25,WHL,Seattle Thunderbirds,6,2,6,8,,pre_draft,false,wikipedia-career,Braeden Cootes,https://en.wikipedia.org/wiki/Braeden_Cootes
2025-016-victor-eklund,2024-25,Sweden Jrs.,Djurgårdens IF,1,0,0,0,,pre_draft,true,wikipedia-career,Victor Eklund,https://en.wikipedia.org/wiki/Victor_Eklund
2025-017-kashawn-aitcheson,2024-25,OHL,Barrie Colts,64,26,33,59,,pre_draft,true,wikipedia-career,Kashawn Aitcheson,https://en.wikipedia.org/wiki/Kashawn_Aitcheson
2025-017-kashawn-aitcheson,2024-25,OHL,Barrie Colts,16,6,6,12,,pre_draft,false,wikipedia-career,Kashawn Aitcheson,https://en.wikipedia.org/wiki/Kashawn_Aitcheson
2025-021-cameron-reid,2024-25,OHL,Kitchener Rangers,67,14,40,54,,pre_draft,true,wikipedia-career,Cameron Reid,https://en.wikipedia.org/wiki/Cameron_Reid
2025-021-cameron-reid,2024-25,OHL,Kitchener Rangers,14,0,5,5,,pre_draft,false,wikipedia-career,Cameron Reid,https://en.wikipedia.org/wiki/Cameron_Reid
2025-022-bill-zonnon,2024-25,QMJHL,Rouyn-Noranda Huskies,64,28,55,83,,pre_draft,true,wikipedia-career,Bill Zonnon,https://en.wikipedia.org/wiki/Bill_Zonnon
2025-022-bill-zonnon,2024-25,QMJHL,Rouyn-Noranda Huskies,13,8,8,16,,pre_draft,false,wikipedia-career,Bill Zonnon,https://en.wikipedia.org/wiki/Bill_Zonnon
2025-024-will-horcoff,2024-25,USHL,U.S. National Development Team,7,2,1,3,,pre_draft,true,wikipedia-career,Will Horcoff,https://en.wikipedia.org/wiki/Will_Horcoff
2025-026-ryker-lee,2024-25,USHL,Madison Capitols,58,31,37,68,,pre_draft,true,wikipedia-career,Ryker Lee,https://en.wikipedia.org/wiki/Ryker_Lee
2025-027-lynden-lakovic,2024-25,WHL,Moose Jaw Warriors,47,27,31,58,,pre_draft,true,wikipedia-career,Lynden Lakovic,https://en.wikipedia.org/wiki/Lynden_Lakovic
2025-029-mason-west,2024-25,USHS,Edina High School,31,27,22,49,,pre_draft,true,wikipedia-career,Mason West,https://en.wikipedia.org/wiki/Mason_West
2025-029-mason-west,2024-25,USHS,Edina High School,6,7,4,11,,pre_draft,false,wikipedia-career,Mason West,https://en.wikipedia.org/wiki/Mason_West
2025-029-mason-west,2024-25,USHL,Fargo Force,10,1,8,9,,pre_draft,true,wikipedia-career,Mason West,https://en.wikipedia.org/wiki/Mason_West
2025-029-mason-west,2024-25,USHL,Fargo Force,2,0,0,0,,pre_draft,false,wikipedia-career,Mason West,https://en.wikipedia.org/wiki/Mason_West
2025-031-henry-brzustewicz,2024-25,OHL,London Knights,67,10,32,42,,pre_draft,true,wikipedia-career,Henry Brzustewicz,https://en.wikipedia.org/wiki/Henry_Brzustewicz
2025-031-henry-brzustewicz,2024-25,OHL,London Knights,17,1,4,5,,pre_draft,false,wikipedia-career,Henry Brzustewicz,https://en.wikipedia.org/wiki/Henry_Brzustewicz
2025-033-haoxi-wang,2024-25,OJHL,King Rebellion,38,4,18,22,,pre_draft,true,wikipedia-career,Haoxi Wang,https://en.wikipedia.org/wiki/Haoxi_Wang
2025-033-haoxi-wang,2024-25,OHL,Oshawa Generals,32,0,2,2,,pre_draft,true,wikipedia-career,Haoxi Wang,https://en.wikipedia.org/wiki/Haoxi_Wang
2025-033-haoxi-wang,2024-25,OHL,Oshawa Generals,21,0,3,3,,pre_draft,false,wikipedia-career,Haoxi Wang,https://en.wikipedia.org/wiki/Haoxi_Wang
2025-034-alexander-zharovsky,2024-25,KHL,Salavat Yulaev Ufa,7,0,1,1,,pre_draft,false,wikipedia-career,Alexander Zharovsky,https://en.wikipedia.org/wiki/Alexander_Zharovsky
2025-044-eddie-genborg,2024-25,Sweden Jrs.,Linköping HC,28,19,15,34,,pre_draft,true,wikipedia-career,Eddie Genborg,https://en.wikipedia.org/wiki/Eddie_Genborg
2025-044-eddie-genborg,2024-25,Sweden Jrs.,Linköping HC,3,1,2,3,,pre_draft,false,wikipedia-career,Eddie Genborg,https://en.wikipedia.org/wiki/Eddie_Genborg
2025-053-cole-mckinney,2024-25,USHL,U.S. National Development Team,23,15,11,26,,pre_draft,true,wikipedia-career,Cole McKinney,https://en.wikipedia.org/wiki/Cole_McKinney
2025-060-lasse-boelius,2024-25,U20,Porin Ässät,34,4,14,18,,pre_draft,true,wikipedia-career,Lasse Boelius,https://en.wikipedia.org/wiki/Lasse_Boelius
2025-060-lasse-boelius,2024-25,U20,Porin Ässät,2,0,1,1,,pre_draft,false,wikipedia-career,Lasse Boelius,https://en.wikipedia.org/wiki/Lasse_Boelius
2025-064-tinus-luc-koblar,2024-25,J18,Leksands IF,5,2,5,7,,pre_draft,true,wikipedia-career,Tinus Luc Koblar,https://en.wikipedia.org/wiki/Tinus_Luc_Koblar
2025-139-zeb-lindgren,2024-25,SHL,Skellefteå AIK,5,0,0,0,,pre_draft,true,wikipedia-career,Zeb Lindgren,https://en.wikipedia.org/wiki/Zeb_Lindgren
2025-144-ethan-wyttenbach,2024-25,USHL,Sioux Falls Stampede,44,24,27,51,,pre_draft,true,wikipedia-career,Ethan Wyttenbach,https://en.wikipedia.org/wiki/Ethan_Wyttenbach
2025-144-ethan-wyttenbach,2024-25,USHL,Sioux Falls Stampede,4,1,3,4,,pre_draft,false,wikipedia-career,Ethan Wyttenbach,https://en.wikipedia.org/wiki/Ethan_Wyttenbach
2025-221-filip-ekberg,2024-25,OHL,Ottawa 67's,53,16,29,45,,pre_draft,true,wikipedia-career,Filip Ekberg,https://en.wikipedia.org/wiki/Filip_Ekberg
2025-001-matthew-schaefer,2024-25,OHL,ER,17,7,15,22,,pre_draft,true,chl,8998,https://chl.ca/ohl/players/8998
2025-002-michael-misa,2024-25,OHL,SAG,65,62,72,134,,pre_draft,true,chl,8769,https://chl.ca/ohl/players/8769
2025-002-michael-misa,2024-25,OHL,SAG,4,2,1,3,,pre_draft,false,chl,8769,https://chl.ca/ohl/players/8769
2025-004-caleb-desnoyers,2024-25,QMJHL,Mon,56,35,49,84,,pre_draft,true,chl,20164,https://chl.ca/lhjmq/en/players/20164/
2025-004-caleb-desnoyers,2024-25,QMJHL,Mon,19,9,21,30,,pre_draft,false,chl,20164,https://chl.ca/lhjmq/en/players/20164/
2025-005-brady-martin,2024-25,OHL,SOO,57,33,39,72,,pre_draft,true,chl,9018,https://chl.ca/ohl/players/9018
2025-005-brady-martin,2024-25,OHL,SOO,5,2,2,4,,pre_draft,false,chl,9018,https://chl.ca/ohl/players/9018
2025-006-porter-martone,2024-25,OHL,BRAM,57,37,61,98,,pre_draft,true,chl,8743,https://chl.ca/ohl/players/8743
2025-006-porter-martone,2024-25,OHL,BRAM,6,4,5,9,,pre_draft,false,chl,8743,https://chl.ca/ohl/players/8743
2025-008-jake-o-brien,2024-25,OHL,BFD,66,32,66,98,,pre_draft,true,chl,8965,https://chl.ca/ohl/players/8965
2025-008-jake-o-brien,2024-25,OHL,BFD,11,3,8,11,,pre_draft,false,chl,8965,https://chl.ca/ohl/players/8965
2025-009-radim-mrtka,2024-25,WHL,SEA,43,3,32,35,,pre_draft,true,chl,29902,https://chl.ca/whl/players/29902
2025-009-radim-mrtka,2024-25,WHL,SEA,6,0,3,3,,pre_draft,false,chl,29902,https://chl.ca/whl/players/29902
2025-010-roger-mcqueen,2024-25,WHL,BDN,17,10,10,20,,pre_draft,true,chl,29112,https://chl.ca/whl/players/29112
2025-010-roger-mcqueen,2024-25,WHL,BDN,3,1,0,1,,pre_draft,false,chl,29112,https://chl.ca/whl/players/29112
2025-011-ben-kindel,2024-25,WHL,CGY,65,35,64,99,,pre_draft,true,chl,29345,https://chl.ca/whl/players/29345
2025-011-ben-kindel,2024-25,WHL,CGY,11,8,7,15,,pre_draft,false,chl,29345,https://chl.ca/whl/players/29345
2025-012-jack-nesbitt,2024-25,OHL,WSR,65,25,39,64,,pre_draft,true,chl,8942,https://chl.ca/ohl/players/8942
2025-012-jack-nesbitt,2024-25,OHL,WSR,12,1,9,10,,pre_draft,false,chl,8942,https://chl.ca/ohl/players/8942
2025-013-carter-bear,2024-25,WHL,EVT,56,40,42,82,,pre_draft,true,chl,29026,https://chl.ca/whl/players/29026
2025-014-jackson-smith,2024-25,WHL,TC,68,11,43,54,,pre_draft,true,chl,29287,https://chl.ca/whl/players/29287
2025-014-jackson-smith,2024-25,WHL,TC,5,1,2,3,,pre_draft,false,chl,29287,https://chl.ca/whl/players/29287
2025-015-braeden-cootes,2024-25,WHL,SEA,60,26,37,63,,pre_draft,true,chl,29138,https://chl.ca/whl/players/29138
2025-015-braeden-cootes,2024-25,WHL,SEA,6,2,6,8,,pre_draft,false,chl,29138,https://chl.ca/whl/players/29138
2025-017-kashawn-aitcheson,2024-25,OHL,BAR,64,26,33,59,,pre_draft,true,chl,8803,https://chl.ca/ohl/players/8803
2025-017-kashawn-aitcheson,2024-25,OHL,BAR,16,6,6,12,,pre_draft,false,chl,8803,https://chl.ca/ohl/players/8803
2025-018-cole-reschny,2024-25,WHL,VIC,62,26,66,92,,pre_draft,true,chl,29291,https://chl.ca/whl/players/29291
2025-018-cole-reschny,2024-25,WHL,VIC,11,9,16,25,,pre_draft,false,chl,29291,https://chl.ca/whl/players/29291
2025-019-justin-carbonneau,2024-25,QMJHL,BLB,62,46,43,89,,pre_draft,true,chl,19534,https://chl.ca/lhjmq/en/players/19534/
2025-019-justin-carbonneau,2024-25,QMJHL,BLB,5,3,0,3,,pre_draft,false,chl,19534,https://chl.ca/lhjmq/en/players/19534/
2025-021-cameron-reid,2024-25,OHL,KIT,67,14,40,54,,pre_draft,true,chl,8948,https://chl.ca/ohl/players/8948
2025-021-cameron-reid,2024-25,OHL,KIT,14,0,5,5,,pre_draft,false,chl,8948,https://chl.ca/ohl/players/8948
2025-022-bill-zonnon,2024-25,QMJHL,Rou,64,28,55,83,,pre_draft,true,chl,19520,https://chl.ca/lhjmq/en/players/19520/
2025-022-bill-zonnon,2024-25,QMJHL,Rou,13,8,8,16,,pre_draft,false,chl,19520,https://chl.ca/lhjmq/en/players/19520/
2025-027-lynden-lakovic,2024-25,WHL,MJ,47,27,31,58,,pre_draft,true,chl,29121,https://chl.ca/whl/players/29121
2025-030-joshua-ravensbergen,2024-25,WHL,PG,51,0,4,4,,pre_draft,true,chl,29467,https://chl.ca/whl/players/29467
2025-030-joshua-ravensbergen,2024-25,WHL,PG,7,0,0,0,,pre_draft,false,chl,29467,https://chl.ca/whl/players/29467
2025-031-henry-brzustewicz,2024-25,OHL,LDN,67,10,32,42,,pre_draft,true,chl,9042,https://chl.ca/ohl/players/9042
2025-031-henry-brzustewicz,2024-25,OHL,LDN,17,1,4,5,,pre_draft,false,chl,9042,https://chl.ca/ohl/players/9042
2025-033-haoxi-wang,2024-25,OHL,OSH,32,0,2,2,,pre_draft,true,chl,9293,https://chl.ca/ohl/players/9293
2025-033-haoxi-wang,2024-25,OHL,OSH,21,0,3,3,,pre_draft,false,chl,9293,https://chl.ca/ohl/players/9293
2025-036-blake-fiddler,2024-25,WHL,EDM,64,10,23,33,,pre_draft,true,chl,29374,https://chl.ca/whl/players/29374
2025-036-blake-fiddler,2024-25,WHL,EDM,7,0,1,1,,pre_draft,false,chl,29374,https://chl.ca/whl/players/29374
2025-039-peyton-kettles,2024-25,WHL,SC,53,5,9,14,,pre_draft,true,chl,29319,https://chl.ca/whl/players/29319
2025-039-peyton-kettles,2024-25,WHL,SC,5,0,2,2,,pre_draft,false,chl,29319,https://chl.ca/whl/players/29319
2025-043-malcolm-spence,2024-25,OHL,ER,65,32,41,73,,pre_draft,true,chl,8785,https://chl.ca/ohl/players/8785
2025-043-malcolm-spence,2024-25,OHL,ER,9,4,5,9,,pre_draft,false,chl,8785,https://chl.ca/ohl/players/8785
2025-056-ethan-czata,2024-25,OHL,NIAG,68,21,34,55,,pre_draft,true,chl,8964,https://chl.ca/ohl/players/8964
2025-056-ethan-czata,2024-25,OHL,NIAG,5,0,2,2,,pre_draft,false,chl,8964,https://chl.ca/ohl/players/8964
2025-057-matthew-gard,2024-25,WHL,RD,66,19,17,36,,pre_draft,true,chl,29236,https://chl.ca/whl/players/29236
2025-058-jack-ivankovic,2024-25,OHL,BRAM,43,0,1,1,,pre_draft,true,chl,8949,https://chl.ca/ohl/players/8949
2025-058-jack-ivankovic,2024-25,OHL,BRAM,5,0,0,0,,pre_draft,false,chl,8949,https://chl.ca/ohl/players/8949
2025-066-nathan-behm,2024-25,WHL,KAM,59,31,35,66,,pre_draft,true,chl,29169,https://chl.ca/whl/players/29169
2025-068-will-reynolds,2024-25,QMJHL,Bat,64,4,10,14,,pre_draft,true,chl,20214,https://chl.ca/lhjmq/en/players/20214/
2025-068-will-reynolds,2024-25,QMJHL,Bat,5,0,2,2,,pre_draft,false,chl,20214,https://chl.ca/lhjmq/en/players/20214/
2025-069-hayden-paupanekis,2024-25,WHL,SPO/KEL,71,22,21,43,,pre_draft,true,chl,29281,https://chl.ca/whl/players/29281
2025-071-david-bedkowski,2024-25,OHL,OSH/OS,37,3,4,7,,pre_draft,true,chl,8726,https://chl.ca/ohl/players/8726
2025-071-david-bedkowski,2024-25,OHL,OS,4,1,0,1,,pre_draft,false,chl,8726,https://chl.ca/ohl/players/8726
2025-072-noah-read,2024-25,OHL,LDN,45,10,16,26,,pre_draft,true,chl,9242,https://chl.ca/ohl/players/9242
2025-072-noah-read,2024-25,OHL,LDN,17,4,2,6,,pre_draft,false,chl,9242,https://chl.ca/ohl/players/9242
2025-074-luca-romano,2024-25,OHL,KIT,67,25,26,51,,pre_draft,true,chl,8947,https://chl.ca/ohl/players/8947
2025-074-luca-romano,2024-25,OHL,KIT,16,6,5,11,,pre_draft,false,chl,8947,https://chl.ca/ohl/players/8947
2025-081-bryce-pickford,2024-25,WHL,MH,48,20,27,47,,pre_draft,true,chl,29125,https://chl.ca/whl/players/29125
2025-081-bryce-pickford,2024-25,WHL,MH,18,13,11,24,,pre_draft,false,chl,29125,https://chl.ca/whl/players/29125
2025-083-tommy-lafreniere,2024-25,WHL,KAM,68,24,32,56,,pre_draft,true,chl,29407,https://chl.ca/whl/players/29407
2025-084-gabriel-d-aigle,2024-25,QMJHL,Vic,55,0,8,8,,pre_draft,true,chl,19516,https://chl.ca/lhjmq/en/players/19516/
2025-085-mateo-nobert,2024-25,QMJHL,BLB,57,28,39,67,,pre_draft,true,chl,20166,https://chl.ca/lhjmq/en/players/20166/
2025-085-mateo-nobert,2024-25,QMJHL,BLB,4,2,3,5,,pre_draft,false,chl,20166,https://chl.ca/lhjmq/en/players/20166/
2025-086-tyler-hopkins,2024-25,OHL,KGN,67,20,31,51,,pre_draft,true,chl,8972,https://chl.ca/ohl/players/8972
2025-086-tyler-hopkins,2024-25,OHL,KGN,11,0,5,5,,pre_draft,false,chl,8972,https://chl.ca/ohl/players/8972
2025-088-kristian-epperson,2024-25,OHL,SAG,58,27,53,80,,pre_draft,true,chl,9116,https://chl.ca/ohl/players/9116
2025-088-kristian-epperson,2024-25,OHL,SAG,5,3,1,4,,pre_draft,false,chl,9116,https://chl.ca/ohl/players/9116
2025-092-owen-martin,2024-25,WHL,SPO,39,13,21,34,,pre_draft,true,chl,29277,https://chl.ca/whl/players/29277
2025-092-owen-martin,2024-25,WHL,SPO,20,6,6,12,,pre_draft,false,chl,29277,https://chl.ca/whl/players/29277
2025-094-cameron-schmidt,2024-25,WHL,VAN,61,40,38,78,,pre_draft,true,chl,29235,https://chl.ca/whl/players/29235
2025-094-cameron-schmidt,2024-25,WHL,VAN,5,4,5,9,,pre_draft,false,chl,29235,https://chl.ca/whl/players/29235
2025-097-lucas-beckman,2024-25,QMJHL,BaC,52,0,3,3,,pre_draft,true,chl,20198,https://chl.ca/lhjmq/en/players/20198/
2025-097-lucas-beckman,2024-25,QMJHL,BaC,11,0,4,4,,pre_draft,false,chl,20198,https://chl.ca/lhjmq/en/players/20198/
2025-098-julius-sumpf,2024-25,QMJHL,Mon,58,26,39,65,,pre_draft,true,chl,20520,https://chl.ca/lhjmq/en/players/20520/
2025-098-julius-sumpf,2024-25,QMJHL,Mon,19,10,6,16,,pre_draft,false,chl,20520,https://chl.ca/lhjmq/en/players/20520/
2025-105-travis-hayes,2024-25,OHL,SOO,65,21,30,51,,pre_draft,true,chl,9017,https://chl.ca/ohl/players/9017
2025-105-travis-hayes,2024-25,OHL,SOO,5,3,1,4,,pre_draft,false,chl,9017,https://chl.ca/ohl/players/9017
2025-107-parker-holmes,2024-25,OHL,BFD,21,1,0,1,,pre_draft,true,chl,9152,https://chl.ca/ohl/players/9152
2025-116-samuel-meloche,2024-25,QMJHL,Rou,51,0,0,0,,pre_draft,true,chl,20199,https://chl.ca/lhjmq/en/players/20199/
2025-116-samuel-meloche,2024-25,QMJHL,Rou,13,0,0,0,,pre_draft,false,chl,20199,https://chl.ca/lhjmq/en/players/20199/
2025-117-david-lewandowski,2024-25,WHL,SAS,52,15,24,39,,pre_draft,true,chl,29786,https://chl.ca/whl/players/29786
2025-117-david-lewandowski,2024-25,WHL,SAS,4,1,1,2,,pre_draft,false,chl,29786,https://chl.ca/whl/players/29786
2025-121-lirim-amidovski,2024-25,OHL,NB,67,19,13,32,,pre_draft,true,chl,8915,https://chl.ca/ohl/players/8915
2025-121-lirim-amidovski,2024-25,OHL,NB,5,3,0,3,,pre_draft,false,chl,8915,https://chl.ca/ohl/players/8915
2025-122-alex-huang,2024-25,QMJHL,Chi,64,7,33,40,,pre_draft,true,chl,20168,https://chl.ca/lhjmq/en/players/20168/
2025-122-alex-huang,2024-25,QMJHL,Chi,11,3,1,4,,pre_draft,false,chl,20168,https://chl.ca/lhjmq/en/players/20168/
2025-123-carter-klippenstein,2024-25,WHL,BDN,58,14,14,28,,pre_draft,true,chl,29223,https://chl.ca/whl/players/29223
2025-123-carter-klippenstein,2024-25,WHL,BDN,3,0,0,0,,pre_draft,false,chl,29223,https://chl.ca/whl/players/29223
2025-125-jimmy-lombardi,2024-25,OHL,FLNT,63,13,32,45,,pre_draft,true,chl,8927,https://chl.ca/ohl/players/8927
2025-125-jimmy-lombardi,2024-25,OHL,FLNT,5,0,1,1,,pre_draft,false,chl,8927,https://chl.ca/ohl/players/8927
2025-126-brandon-gorzynski,2024-25,WHL,CGY,68,17,25,42,,pre_draft,true,chl,29502,https://chl.ca/whl/players/29502
2025-126-brandon-gorzynski,2024-25,WHL,CGY,11,4,4,8,,pre_draft,false,chl,29502,https://chl.ca/whl/players/29502
2025-127-aiden-foster,2024-25,WHL,PG,68,11,9,20,,pre_draft,true,chl,29470,https://chl.ca/whl/players/29470
2025-127-aiden-foster,2024-25,WHL,PG,7,0,6,6,,pre_draft,false,chl,29470,https://chl.ca/whl/players/29470
2025-128-shea-busch,2024-25,WHL,EVT,39,11,8,19,,pre_draft,true,chl,29907,https://chl.ca/whl/players/29907
2025-128-shea-busch,2024-25,WHL,EVT,13,6,5,11,,pre_draft,false,chl,29907,https://chl.ca/whl/players/29907
2025-129-shamar-moses,2024-25,OHL,BAR/NB,66,12,36,48,,pre_draft,true,chl,8924,https://chl.ca/ohl/players/8924
2025-129-shamar-moses,2024-25,OHL,NB,5,0,3,3,,pre_draft,false,chl,8924,https://chl.ca/ohl/players/8924
2025-130-ryan-miller,2024-25,WHL,POR,50,16,15,31,,pre_draft,true,chl,29255,https://chl.ca/whl/players/29255
2025-130-ryan-miller,2024-25,WHL,POR,16,4,9,13,,pre_draft,false,chl,29255,https://chl.ca/whl/players/29255
2025-133-cole-chandler,2024-25,QMJHL,Sha,64,13,19,32,,pre_draft,true,chl,20179,https://chl.ca/lhjmq/en/players/20179/
2025-133-cole-chandler,2024-25,QMJHL,Sha,16,5,7,12,,pre_draft,false,chl,20179,https://chl.ca/lhjmq/en/players/20179/
2025-135-noah-laberge,2024-25,QMJHL,Bat,63,12,23,35,,pre_draft,true,chl,19578,https://chl.ca/lhjmq/en/players/19578/
2025-135-noah-laberge,2024-25,QMJHL,Bat,5,0,2,2,,pre_draft,false,chl,19578,https://chl.ca/lhjmq/en/players/19578/
2025-136-alexis-mathieu,2024-25,QMJHL,BaC,59,3,3,6,,pre_draft,true,chl,20192,https://chl.ca/lhjmq/en/players/20192/
2025-136-alexis-mathieu,2024-25,QMJHL,BaC,11,0,3,3,,pre_draft,false,chl,20192,https://chl.ca/lhjmq/en/players/20192/
2025-141-justin-kipkie,2024-25,WHL,VIC,64,12,50,62,,pre_draft,true,chl,28960,https://chl.ca/whl/players/28960
2025-141-justin-kipkie,2024-25,WHL,VIC,11,2,11,13,,pre_draft,false,chl,28960,https://chl.ca/whl/players/28960
2025-145-alexis-cournoyer,2024-25,QMJHL,Cap,21,0,1,1,,pre_draft,true,chl,19296,https://chl.ca/lhjmq/en/players/19296/
2025-145-alexis-cournoyer,2024-25,QMJHL,Cap,2,0,0,0,,pre_draft,false,chl,19296,https://chl.ca/lhjmq/en/players/19296/
2025-148-quinn-beauchesne,2024-25,OHL,GUE,49,6,18,24,,pre_draft,true,chl,8960,https://chl.ca/ohl/players/8960
2025-153-harry-nansi,2024-25,OHL,OS,67,7,16,23,,pre_draft,true,chl,9030,https://chl.ca/ohl/players/9030
2025-153-harry-nansi,2024-25,OHL,OS,2,0,1,1,,pre_draft,false,chl,9030,https://chl.ca/ohl/players/9030
2025-154-jordan-charron,2024-25,OHL,SOO,48,10,11,21,,pre_draft,true,chl,9279,https://chl.ca/ohl/players/9279
2025-154-jordan-charron,2024-25,OHL,SOO,5,0,1,1,,pre_draft,false,chl,9279,https://chl.ca/ohl/players/9279
2025-157-luke-vlooswyk,2024-25,WHL,RD,68,3,14,17,,pre_draft,true,chl,29233,https://chl.ca/whl/players/29233
2025-160-owen-griffin,2024-25,OHL,OSH,62,22,29,51,,pre_draft,true,chl,8932,https://chl.ca/ohl/players/8932
2025-160-owen-griffin,2024-25,OHL,OSH,21,16,13,29,,pre_draft,false,chl,8932,https://chl.ca/ohl/players/8932
2025-162-ashton-cumby,2024-25,WHL,SEA,68,2,11,13,,pre_draft,true,chl,28831,https://chl.ca/whl/players/28831
2025-162-ashton-cumby,2024-25,WHL,SEA,6,1,0,1,,pre_draft,false,chl,28831,https://chl.ca/whl/players/28831
2025-164-nathan-quinn,2024-25,QMJHL,Que,54,17,29,46,,pre_draft,true,chl,20188,https://chl.ca/lhjmq/en/players/20188/
2025-164-nathan-quinn,2024-25,QMJHL,Que,4,1,2,3,,pre_draft,false,chl,20188,https://chl.ca/lhjmq/en/players/20188/
2025-170-burke-hood,2024-25,WHL,VAN,42,0,2,2,,pre_draft,true,chl,29290,https://chl.ca/whl/players/29290
2025-170-burke-hood,2024-25,WHL,VAN,5,0,0,0,,pre_draft,false,chl,29290,https://chl.ca/whl/players/29290
2025-171-evan-passmore,2024-25,OHL,BAR,62,3,8,11,,pre_draft,true,chl,9008,https://chl.ca/ohl/players/9008
2025-171-evan-passmore,2024-25,OHL,BAR,16,0,0,0,,pre_draft,false,chl,9008,https://chl.ca/ohl/players/9008
2025-172-will-murphy,2024-25,QMJHL,Cap,54,2,2,4,,pre_draft,true,chl,20204,https://chl.ca/lhjmq/en/players/20204/
2025-172-will-murphy,2024-25,QMJHL,Cap,6,0,1,1,,pre_draft,false,chl,20204,https://chl.ca/lhjmq/en/players/20204/
2025-175-gabriel-chiarot,2024-25,OHL,BRAM,66,21,14,35,,pre_draft,true,chl,8953,https://chl.ca/ohl/players/8953
2025-175-gabriel-chiarot,2024-25,OHL,BRAM,6,1,0,1,,pre_draft,false,chl,8953,https://chl.ca/ohl/players/8953
2025-185-rylan-fellinger,2024-25,OHL,FLNT,64,3,4,7,,pre_draft,true,chl,9046,https://chl.ca/ohl/players/9046
2025-185-rylan-fellinger,2024-25,OHL,FLNT,5,0,0,0,,pre_draft,false,chl,9046,https://chl.ca/ohl/players/9046
2025-189-andrew-macniel,2024-25,OHL,KIT,33,0,3,3,,pre_draft,true,chl,8946,https://chl.ca/ohl/players/8946
2025-189-andrew-macniel,2024-25,OHL,KIT,12,0,0,0,,pre_draft,false,chl,8946,https://chl.ca/ohl/players/8946
2025-190-dawson-sharkey,2024-25,QMJHL,Bat,54,22,17,39,,pre_draft,true,chl,19752,https://chl.ca/lhjmq/en/players/19752/
2025-190-dawson-sharkey,2024-25,QMJHL,Bat,5,2,0,2,,pre_draft,false,chl,19752,https://chl.ca/lhjmq/en/players/19752/
2025-197-brendan-dunphy,2024-25,WHL,WEN,47,4,18,22,,pre_draft,true,chl,29897,https://chl.ca/whl/players/29897
2025-200-brady-turko,2024-25,WHL,BDN,68,7,19,26,,pre_draft,true,chl,29601,https://chl.ca/whl/players/29601
2025-200-brady-turko,2024-25,WHL,BDN,5,0,1,1,,pre_draft,false,chl,29601,https://chl.ca/whl/players/29601
2025-212-grant-spada,2024-25,OHL,GUE,58,0,6,6,,pre_draft,true,chl,9063,https://chl.ca/ohl/players/9063
2025-215-marco-mignosa,2024-25,OHL,SOO,58,36,49,85,,pre_draft,true,chl,8577,https://chl.ca/ohl/players/8577
2025-215-marco-mignosa,2024-25,OHL,SOO,5,0,5,5,,pre_draft,false,chl,8577,https://chl.ca/ohl/players/8577
2025-217-matthew-hlacar,2024-25,OHL,KIT,43,7,1,8,,pre_draft,true,chl,9168,https://chl.ca/ohl/players/9168
2025-217-matthew-hlacar,2024-25,OHL,KIT,14,1,0,1,,pre_draft,false,chl,9168,https://chl.ca/ohl/players/9168
2025-220-jacob-cloutier,2024-25,OHL,SAG,67,23,24,47,,pre_draft,true,chl,8990,https://chl.ca/ohl/players/8990
2025-220-jacob-cloutier,2024-25,OHL,SAG,3,1,2,3,,pre_draft,false,chl,8990,https://chl.ca/ohl/players/8990
2025-221-filip-ekberg,2024-25,OHL,OTT,53,16,29,45,,pre_draft,true,chl,9181,https://chl.ca/ohl/players/9181
2025-222-charlie-paquette,2024-25,OHL,GUE,68,37,33,70,,pre_draft,true,chl,8562,https://chl.ca/ohl/players/8562
