player_id,draft_year,source,rank,scope,position,source_id,source_url
2025-001-matthew-schaefer,2025,draft_slot_proxy,1,all_drafted_players,D,2025-001-matthew-schaefer,https://en.wikipedia.org/wiki/2025_NHL_entry_draft
2025-002-michael-misa,2025,draft_slot_proxy,2,all_drafted_players,C,2025-002-michael-misa,https://en.wikipedia.org/wiki/2025_NHL_entry_draft
2025-003-anton-frondell,2025,draft_slot_proxy,3,all_drafted_players,C,2025-003-anton-frondell,https://en.wikipedia.org/wiki/2025_NHL_entry_draft
2025-004-caleb-desnoyers,2025,draft_slot_proxy,4,all_drafted_players,C,2025-004-caleb-desnoyers,https://en.wikipedia.org/wiki/2025_NHL_entry_draft
2025-005-brady-martin,2025,draft_slot_proxy,5,all_drafted_players,C,2025-005-brady-martin,https://en.wikipedia.org/wiki/2025_NHL_entry_draft
2025-006-porter-martone,2025,draft_slot_proxy,6,all_drafted_players,R,2025-006-porter-martone,https://en.wikipedia.org/wiki/2025_NHL_entry_draft
2025-007-james-hagens,2025,draft_slot_proxy,7,all_drafted_players,C,2025-007-james-hagens,https://en.wikipedia.org/wiki/2025_NHL_entry_draft
2025-008-jake-o-brien,2025,draft_slot_proxy,8,all_drafted_players,C,2025-008-jake-o-brien,https://en.wikipedia.org/wiki/2025_NHL_entry_draft
2025-009-radim-mrtka,2025,draft_slot_proxy,9,all_drafted_players,D,2025-009-radim-mrtka,https://en.wikipedia.org/wiki/2025_NHL_entry_draft
2025-010-roger-mcqueen,2025,draft_slot_proxy,10,all_drafted_players,C,2025-010-roger-mcqueen,https://en.wikipedia.org/wiki/2025_NHL_entry_draft
2025-011-ben-kindel,2025,draft_slot_proxy,11,all_drafted_players,C,2025-011-ben-kindel,https://en.wikipedia.org/wiki/2025_NHL_entry_draft
2025-012-jack-nesbitt,2025,draft_slot_proxy,12,all_drafted_players,C,2025-012-jack-nesbitt,https://en.wikipedia.org/wiki/2025_NHL_entry_draft
2025-013-carter-bear,2025,draft_slot_proxy,13,all_drafted_players,L,2025-013-carter-bear,https://en.wikipedia.org/wiki/2025_NHL_entry_draft
2025-014-jackson-smith,2025,draft_slot_proxy,14,all_drafted_players,D,2025-014-jackson-smith,https://en.wikipedia.org/wiki/2025_NHL_entry_draft
2025-015-braeden-cootes,2025,draft_slot_proxy,15,all_drafted_players,C,2025-015-braeden-cootes,https://en.wikipedia.org/wiki/2025_NHL_entry_draft
2025-016-victor-eklund,2025,draft_slot_proxy,16,all_drafted_players,R,2025-016-victor-eklund,https://en.wikipedia.org/wiki/2025_NHL_entry_draft
2025-017-kashawn-aitcheson,2025,draft_slot_proxy,17,all_drafted_players,D,2025-017-kashawn-aitcheson,https://en.wikipedia.org/wiki/2025_NHL_entry_draft
2025-018-cole-reschny,2025,draft_slot_proxy,18,all_drafted_players,C,2025-018-cole-reschny,https://en.wikipedia.org/wiki/2025_NHL_entry_draft
2025-019-justin-carbonneau,2025,draft_slot_proxy,19,all_drafted_players,R,2025-019-justin-carbonneau,https://en.wikipedia.org/wiki/2025_NHL_entry_draft
2025-020-pyotr-andreyanov,2025,draft_slot_proxy,20,all_drafted_players,G,2025-020-pyotr-andreyanov,https://en.wikipedia.org/wiki/2025_NHL_entry_draft
2025-021-cameron-reid,2025,draft_slot_proxy,21,all_drafted_players,D,2025-021-cameron-reid,https://en.wikipedia.org/wiki/2025_NHL_entry_draft
2025-022-bill-zonnon,2025,draft_slot_proxy,22,all_drafted_players,R,2025-022-bill-zonnon,https://en.wikipedia.org/wiki/2025_NHL_entry_draft
2025-023-logan-hensler,2025,draft_slot_proxy,23,all_drafted_players,D,2025-023-logan-hensler,https://en.wikipedia.org/wiki/2025_NHL_entry_draft
2025-024-will-horcoff,2025,draft_slot_proxy,24,all_drafted_players,C,2025-024-will-horcoff,https://en.wikipedia.org/wiki/2025_NHL_entry_draft
2025-025-vaclav-nestrasil,2025,draft_slot_proxy,25,all_drafted_players,R,2025-025-vaclav-nestrasil,https://en.wikipedia.org/wiki/2025_NHL_entry_draft
2025-026-ryker-lee,2025,draft_slot_proxy,26,all_drafted_players,R,2025-026-ryker-lee,https://en.wikipedia.org/wiki/2025_NHL_entry_draft
2025-027-lynden-lakovic,2025,draft_slot_proxy,27,all_drafted_players,R,2025-027-lynden-lakovic,https://en.wikipedia.org/wiki/2025_NHL_entry_draft
2025-028-sascha-boumedienne,2025,draft_slot_proxy,28,all_drafted_players,D,2025-028-sascha-boumedienne,https://en.wikipedia.org/wiki/2025_NHL_entry_draft
2025-029-mason-west,2025,draft_slot_proxy,29,all_drafted_players,C,2025-029-mason-west,https://en.wikipedia.org/wiki/2025_NHL_entry_draft
2025-030-joshua-ravensbergen,2025,draft_slot_proxy,30,all_drafted_players,G,2025-030-joshua-ravensbergen,https://en.wikipedia.org/wiki/2025_NHL_entry_draft
2025-031-henry-brzustewicz,2025,draft_slot_proxy,31,all_drafted_players,D,2025-031-henry-brzustewicz,https://en.wikipedia.org/wiki/2025_NHL_entry_draft
2025-032-cullen-potter,2025,draft_slot_proxy,32,all_drafted_players,C,2025-032-cullen-potter,https://en.wikipedia.org/wiki/2025_NHL_entry_draft
2025-033-haoxi-wang,2025,draft_slot_proxy,33,all_drafted_players,D,2025-033-haoxi-wang,https://en.wikipedia.org/wiki/2025_NHL_entry_draft
2025-034-alexander-zharovsky,2025,draft_slot_proxy,34,all_drafted_players,R,2025-034-alexander-zharovsky,https://en.wikipedia.org/wiki/2025_NHL_entry_draft
2025-035-jacob-rombach,2025,draft_slot_proxy,35,all_drafted_players,D,2025-035-jacob-rombach,https://en.wikipedia.org/wiki/2025_NHL_entry_draft
2025-036-blake-fiddler,2025,draft_slot_proxy,36,all_drafted_players,D,2025-036-blake-fiddler,https://en.wikipedia.org/wiki/2025_NHL_entry_draft
2025-037-milton-gastrin,2025,draft_slot_proxy,37,all_drafted_players,C,2025-037-milton-gastrin,https://en.wikipedia.org/wiki/2025_NHL_entry_draft
2025-038-carter-amico,2025,draft_slot_proxy,38,all_drafted_players,D,2025-038-carter-amico,https://en.wikipedia.org/wiki/2025_NHL_entry_draft
2025-039-peyton-kettles,2025,draft_slot_proxy,39,all_drafted_players,D,2025-039-peyton-kettles,https://en.wikipedia.org/wiki/2025_NHL_entry_draft
2025-040-jack-murtagh,2025,draft_slot_proxy,40,all_drafted_players,L,2025-040-jack-murtagh,https://en.wikipedia.org/wiki/2025_NHL_entry_draft
2025-041-semyon-frolov,2025,draft_slot_proxy,41,all_drafted_players,G,2025-041-semyon-frolov,https://en.wikipedia.org/wiki/2025_NHL_entry_draft
2025-042-daniil-prokhorov,2025,draft_slot_proxy,42,all_drafted_players,R,2025-042-daniil-prokhorov,https://en.wikipedia.org/wiki/2025_NHL_entry_draft
2025-043-malcolm-spence,2025,draft_slot_proxy,43,all_drafted_players,L,2025-043-malcolm-spence,https://en.wikipedia.org/wiki/2025_NHL_entry_draft
2025-044-eddie-genborg,2025,draft_slot_proxy,44,all_drafted_players,R,2025-044-eddie-genborg,https://en.wikipedia.org/wiki/2025_NHL_entry_draft
2025-045-eric-nilson,2025,draft_slot_proxy,45,all_drafted_players,C,2025-045-eric-nilson,https://en.wikipedia.org/wiki/2025_NHL_entry_draft
2025-046-max-psenicka,2025,draft_slot_proxy,46,all_drafted_players,D,2025-046-max-psenicka,https://en.wikipedia.org/wiki/2025_NHL_entry_draft
2025-047-alexei-medvedev,2025,draft_slot_proxy,47,all_drafted_players,G,2025-047-alexei-medvedev,https://en.wikipedia.org/wiki/2025_NHL_entry_draft
2025-048-shane-vansaghi,2025,draft_slot_proxy,48,all_drafted_players,R,2025-048-shane-vansaghi,https://en.wikipedia.org/wiki/2025_NHL_entry_draft
2025-049-charlie-cerrato,2025,draft_slot_proxy,49,all_drafted_players,C,2025-049-charlie-cerrato,https://en.wikipedia.org/wiki/2025_NHL_entry_draft
2025-050-conrad-fondrk,2025,draft_slot_proxy,50,all_drafted_players,C,2025-050-conrad-fondrk,https://en.wikipedia.org/wiki/2025_NHL_entry_draft
2025-051-william-moore,2025,draft_slot_proxy,51,all_drafted_players,C,2025-051-william-moore,https://en.wikipedia.org/wiki/2025_NHL_entry_draft
2025-052-theodor-hallquisth,2025,draft_slot_proxy,52,all_drafted_players,D,2025-052-theodor-hallquisth,https://en.wikipedia.org/wiki/2025_NHL_entry_draft
2025-053-cole-mckinney,2025,draft_slot_proxy,53,all_drafted_players,C,2025-053-cole-mckinney,https://en.wikipedia.org/wiki/2025_NHL_entry_draft
2025-054-theo-stockselius,2025,draft_slot_proxy,54,all_drafted_players,C,2025-054-theo-stockselius,https://en.wikipedia.org/wiki/2025_NHL_entry_draft
2025-055-jakob-ihs-wozniak,2025,draft_slot_proxy,55,all_drafted_players,C,2025-055-jakob-ihs-wozniak,https://en.wikipedia.org/wiki/2025_NHL_entry_draft
2025-056-ethan-czata,2025,draft_slot_proxy,56,all_drafted_players,C,2025-056-ethan-czata,https://en.wikipedia.org/wiki/2025_NHL_entry_draft
2025-057-matthew-gard,2025,draft_slot_proxy,57,all_drafted_players,C,2025-057-matthew-gard,https://en.wikipedia.org/wiki/2025_NHL_entry_draft
2025-058-jack-ivankovic,2025,draft_slot_proxy,58,all_drafted_players,G,2025-058-jack-ivankovic,https://en.wikipedia.org/wiki/2025_NHL_entry_draft
2025-059-vojtech-cihar,2025,draft_slot_proxy,59,all_drafted_players,L,2025-059-vojtech-cihar,https://en.wikipedia.org/wiki/2025_NHL_entry_draft
2025-060-lasse-boelius,2025,draft_slot_proxy,60,all_drafted_players,D,2025-060-lasse-boelius,https://en.wikipedia.org/wiki/2025_NHL_entry_draft
2025-061-liam-pettersson,2025,draft_slot_proxy,61,all_drafted_players,D,2025-061-liam-pettersson,https://en.wikipedia.org/wiki/2025_NHL_entry_draft
2025-062-ivan-ryabkin,2025,draft_slot_proxy,62,all_drafted_players,C,2025-062-ivan-ryabkin,https://en.wikipedia.org/wiki/2025_NHL_entry_draft
2025-063-ben-kevan,2025,draft_slot_proxy,63,all_drafted_players,R,2025-063-ben-kevan,https://en.wikipedia.org/wiki/2025_NHL_entry_draft
2025-064-tinus-luc-koblar,2025,draft_slot_proxy,64,all_drafted_players,C,2025-064-tinus-luc-koblar,https://en.wikipedia.org/wiki/2025_NHL_entry_draft
2025-065-kieren-dervin,2025,draft_slot_proxy,65,all_drafted_players,C,2025-065-kieren-dervin,https://en.wikipedia.org/wiki/2025_NHL_entry_draft
2025-066-nathan-behm,2025,draft_slot_proxy,66,all_drafted_players,R,2025-066-nathan-behm,https://en.wikipedia.org/wiki/2025_NHL_entry_draft
2025-067-kurban-limatov,2025,draft_slot_proxy,67,all_drafted_players,D,2025-067-kurban-limatov,https://en.wikipedia.org/wiki/2025_NHL_entry_draft
2025-068-will-reynolds,2025,draft_slot_proxy,68,all_drafted_players,D,2025-068-will-reynolds,https://en.wikipedia.org/wiki/2025_NHL_entry_draft
2025-069-hayden-paupanekis,2025,draft_slot_proxy,69,all_drafted_players,C,2025-069-hayden-paupanekis,https://en.wikipedia.org/wiki/2025_NHL_entry_draft
2025-070-sean-barnhill,2025,draft_slot_proxy,70,all_drafted_players,D,2025-070-sean-barnhill,https://en.wikipedia.org/wiki/2025_NHL_entry_draft
2025-071-david-bedkowski,2025,draft_slot_proxy,71,all_drafted_players,D,2025-071-david-bedkowski,https://en.wikipedia.org/wiki/2025_NHL_entry_draft
2025-072-noah-read,2025,draft_slot_proxy,72,all_drafted_players,C,2025-072-noah-read,https://en.wikipedia.org/wiki/2025_NHL_entry_draft
2025-073-charlie-trethewey,2025,draft_slot_proxy,73,all_drafted_players,D,2025-073-charlie-trethewey,https://en.wikipedia.org/wiki/2025_NHL_entry_draft
2025-074-luca-romano,2025,draft_slot_proxy,74,all_drafted_players,C,2025-074-luca-romano,https://en.wikipedia.org/wiki/2025_NHL_entry_draft
2025-075-michal-pradel,2025,draft_slot_proxy,75,all_drafted_players,G,2025-075-michal-pradel,https://en.wikipedia.org/wiki/2025_NHL_entry_draft
2025-076-malte-vass,2025,draft_slot_proxy,76,all_drafted_players,D,2025-076-malte-vass,https://en.wikipedia.org/wiki/2025_NHL_entry_draft
2025-077-francesco-dell-elce,2025,draft_slot_proxy,77,all_drafted_players,D,2025-077-francesco-dell-elce,https://en.wikipedia.org/wiki/2025_NHL_entry_draft
2025-078-stepan-hoch,2025,draft_slot_proxy,78,all_drafted_players,L,2025-078-stepan-hoch,https://en.wikipedia.org/wiki/2025_NHL_entry_draft
2025-079-cooper-simpson,2025,draft_slot_proxy,79,all_drafted_players,L,2025-079-cooper-simpson,https://en.wikipedia.org/wiki/2025_NHL_entry_draft
2025-080-mace-o-phillips,2025,draft_slot_proxy,80,all_drafted_players,D,2025-080-mace-o-phillips,https://en.wikipedia.org/wiki/2025_NHL_entry_draft
2025-081-bryce-pickford,2025,draft_slot_proxy,81,all_drafted_players,D,2025-081-bryce-pickford,https://en.wikipedia.org/wiki/2025_NHL_entry_draft
2025-082-arseni-radkov,2025,draft_slot_proxy,82,all_drafted_players,G,2025-082-arseni-radkov,https://en.wikipedia.org/wiki/2025_NHL_entry_draft
2025-083-tommy-lafreniere,2025,draft_slot_proxy,83,all_drafted_players,R,2025-083-tommy-lafreniere,https://en.wikipedia.org/wiki/2025_NHL_entry_draft
2025-084-gabriel-d-aigle,2025,draft_slot_proxy,84,all_drafted_players,G,2025-084-gabriel-d-aigle,https://en.wikipedia.org/wiki/2025_NHL_entry_draft
2025-085-mateo-nobert,2025,draft_slot_proxy,85,all_drafted_players,C,2025-085-mateo-nobert,https://en.wikipedia.org/wiki/2025_NHL_entry_draft
2025-086-tyler-hopkins,2025,draft_slot_proxy,86,all_drafted_players,C,2025-086-tyler-hopkins,https://en.wikipedia.org/wiki/2025_NHL_entry_draft
2025-087-roman-bausov,2025,draft_slot_proxy,87,all_drafted_players,D,2025-087-roman-bausov,https://en.wikipedia.org/wiki/2025_NHL_entry_draft
2025-088-kristian-epperson,2025,draft_slot_proxy,88,all_drafted_players,L,2025-088-kristian-epperson,https://en.wikipedia.org/wiki/2025_NHL_entry_draft
2025-089-artyom-gonchar,2025,draft_slot_proxy,89,all_drafted_players,D,2025-089-artyom-gonchar,https://en.wikipedia.org/wiki/2025_NHL_entry_draft
2025-090-mason-moe,2025,draft_slot_proxy,90,all_drafted_players,C,2025-090-mason-moe,https://en.wikipedia.org/wiki/2025_NHL_entry_draft
2025-091-brady-peddle,2025,draft_slot_proxy,91,all_drafted_players,D,2025-091-brady-peddle,https://en.wikipedia.org/wiki/2025_NHL_entry_draft
2025-092-owen-martin,2025,draft_slot_proxy,92,all_drafted_players,C,2025-092-owen-martin,https://en.wikipedia.org/wiki/2025_NHL_entry_draft
2025-093-blake-vanek,2025,draft_slot_proxy,93,all_drafted_players,R,2025-093-blake-vanek,https://en.wikipedia.org/wiki/2025_NHL_entry_draft
2025-094-cameron-schmidt,2025,draft_slot_proxy,94,all_drafted_players,R,2025-094-cameron-schmidt,https://en.wikipedia.org/wiki/2025_NHL_entry_draft
2025-095-teddy-mutryn,2025,draft_slot_proxy,95,all_drafted_players,C,2025-095-teddy-mutryn,https://en.wikipedia.org/wiki/2025_NHL_entry_draft
2025-096-maxim-schafer,2025,draft_slot_proxy,96,all_drafted_players,L,2025-096-maxim-schafer,https://en.wikipedia.org/wiki/2025_NHL_entry_draft
2025-097-lucas-beckman,2025,draft_slot_proxy,97,all_drafted_players,G,2025-097-lucas-beckman,https://en.wikipedia.org/wiki/2025_NHL_entry_draft
2025-098-julius-sumpf,2025,draft_slot_proxy,98,all_drafted_players,C,2025-098-julius-sumpf,https://en.wikipedia.org/wiki/2025_NHL_entry_draft
2025-099-trenten-bennett,2025,draft_slot_proxy,99,all_drafted_players,G,2025-099-trenten-bennett,https://en.wikipedia.org/wiki/2025_NHL_entry_draft
2025-100-vashek-blanar,2025,draft_slot_proxy,100,all_drafted_players,D,2025-100-vashek-blanar,https://en.wikipedia.org/wiki/2025_NHL_entry_draft
2025-101-drew-schock,2025,draft_slot_proxy,101,all_drafted_players,D,2025-101-drew-schock,https://en.wikipedia.org/wiki/2025_NHL_entry_draft
2025-102-adam-benak,2025,draft_slot_proxy,102,all_drafted_players,C,2025-102-adam-benak,https://en.wikipedia.org/wiki/2025_NHL_entry_draft
2025-103-matous-kucharcik,2025,draft_slot_proxy,103,all_drafted_players,C,2025-103-matous-kucharcik,https://en.wikipedia.org/wiki/2025_NHL_entry_draft
2025-104-elijah-neuenschwander,2025,draft_slot_proxy,104,all_drafted_players,G,2025-104-elijah-neuenschwander,https://en.wikipedia.org/wiki/2025_NHL_entry_draft
2025-105-travis-hayes,2025,draft_slot_proxy,105,all_drafted_players,R,2025-105-travis-hayes,https://en.wikipedia.org/wiki/2025_NHL_entry_draft
2025-106-tomas-poletin,2025,draft_slot_proxy,106,all_drafted_players,L,2025-106-tomas-poletin,https://en.wikipedia.org/wiki/2025_NHL_entry_draft
2025-107-parker-holmes,2025,draft_slot_proxy,107,all_drafted_players,L,2025-107-parker-holmes,https://en.wikipedia.org/wiki/2025_NHL_entry_draft
2025-108-benjamin-rautiainen,2025,draft_slot_proxy,108,all_drafted_players,C,2025-108-benjamin-rautiainen,https://en.wikipedia.org/wiki/2025_NHL_entry_draft
2025-109-brent-solomon,2025,draft_slot_proxy,109,all_drafted_players,R,2025-109-brent-solomon,https://en.wikipedia.org/wiki/2025_NHL_entry_draft
2025-110-yegor-borikov,2025,draft_slot_proxy,110,all_drafted_players,R,2025-110-yegor-borikov,https://en.wikipedia.org/wiki/2025_NHL_entry_draft
2025-111-mikkel-eriksen,2025,draft_slot_proxy,111,all_drafted_players,C,2025-111-mikkel-eriksen,https://en.wikipedia.org/wiki/2025_NHL_entry_draft
2025-112-mads-kongsbak-klyvo,2025,draft_slot_proxy,112,all_drafted_players,L,2025-112-mads-kongsbak-klyvo,https://en.wikipedia.org/wiki/2025_NHL_entry_draft
2025-113-l-j-mooney,2025,draft_slot_proxy,113,all_drafted_players,C,2025-113-l-j-mooney,https://en.wikipedia.org/wiki/2025_NHL_entry_draft
2025-114-gustav-hillstrom,2025,draft_slot_proxy,114,all_drafted_players,C,2025-114-gustav-hillstrom,https://en.wikipedia.org/wiki/2025_NHL_entry_draft
2025-115-ilyas-magomedsultanov,2025,draft_slot_proxy,115,all_drafted_players,D,2025-115-ilyas-magomedsultanov,https://en.wikipedia.org/wiki/2025_NHL_entry_draft
2025-116-samuel-meloche,2025,draft_slot_proxy,116,all_drafted_players,G,2025-116-samuel-meloche,https://en.wikipedia.org/wiki/2025_NHL_entry_draft
2025-117-david-lewandowski,2025,draft_slot_proxy,117,all_drafted_players,L,2025-117-david-lewandowski,https://en.wikipedia.org/wiki/2025_NHL_entry_draft
2025-118-linus-funck,2025,draft_slot_proxy,118,all_drafted_players,D,2025-118-linus-funck,https://en.wikipedia.org/wiki/2025_NHL_entry_draft
2025-119-michal-svrcek,2025,draft_slot_proxy,119,all_drafted_players,L,2025-119-michal-svrcek,https://en.wikipedia.org/wiki/2025_NHL_entry_draft
2025-120-caeden-herrington,2025,draft_slot_proxy,120,all_drafted_players,D,2025-120-caeden-herrington,https://en.wikipedia.org/wiki/2025_NHL_entry_draft
2025-121-lirim-amidovski,2025,draft_slot_proxy,121,all_drafted_players,R,2025-121-lirim-amidovski,https://en.wikipedia.org/wiki/2025_NHL_entry_draft
2025-122-alex-huang,2025,draft_slot_proxy,122,all_drafted_players,D,2025-122-alex-huang,https://en.wikipedia.org/wiki/2025_NHL_entry_draft
2025-123-carter-klippenstein,2025,draft_slot_proxy,123,all_drafted_players,C,2025-123-carter-klippenstein,https://en.wikipedia.org/wiki/2025_NHL_entry_draft
2025-124-zack-sharp,2025,draft_slot_proxy,124,all_drafted_players,D,2025-124-zack-sharp,https://en.wikipedia.org/wiki/2025_NHL_entry_draft
2025-125-jimmy-lombardi,2025,draft_slot_proxy,125,all_drafted_players,C,2025-125-jimmy-lombardi,https://en.wikipedia.org/wiki/2025_NHL_entry_draft
2025-126-brandon-gorzynski,2025,draft_slot_proxy,126,all_drafted_players,C,2025-126-brandon-gorzynski,https://en.wikipedia.org/wiki/2025_NHL_entry_draft
2025-127-aiden-foster,2025,draft_slot_proxy,127,all_drafted_players,C,2025-127-aiden-foster,https://en.wikipedia.org/wiki/2025_NHL_entry_draft
2025-128-shea-busch,2025,draft_slot_proxy,128,all_drafted_players,L,2025-128-shea-busch,https://en.wikipedia.org/wiki/2025_NHL_entry_draft
2025-129-shamar-moses,2025,draft_slot_proxy,129,all_drafted_players,R,2025-129-shamar-moses,https://en.wikipedia.org/wiki/2025_NHL_entry_draft
2025-130-ryan-miller,2025,draft_slot_proxy,130,all_drafted_players,C,2025-130-ryan-miller,https://en.wikipedia.org/wiki/2025_NHL_entry_draft
2025-131-asher-barnett,2025,draft_slot_proxy,131,all_drafted_players,D,2025-131-asher-barnett,https://en.wikipedia.org/wiki/2025_NHL_entry_draft
2025-132-max-westergard,2025,draft_slot_proxy,132,all_drafted_players,L,2025-132-max-westergard,https://en.wikipedia.org/wiki/2025_NHL_entry_draft
2025-133-cole-chandler,2025,draft_slot_proxy,133,all_drafted_players,C,2025-133-cole-chandler,https://en.wikipedia.org/wiki/2025_NHL_entry_draft
2025-134-maxim-agafonov,2025,draft_slot_proxy,134,all_drafted_players,D,2025-134-maxim-agafonov,https://en.wikipedia.org/wiki/2025_NHL_entry_draft
2025-135-noah-laberge,2025,draft_slot_proxy,135,all_drafted_players,D,2025-135-noah-laberge,https://en.wikipedia.org/wiki/2025_NHL_entry_draft
2025-136-alexis-mathieu,2025,draft_slot_proxy,136,all_drafted_players,D,2025-136-alexis-mathieu,https://en.wikipedia.org/wiki/2025_NHL_entry_draft
2025-137-william-belle,2025,draft_slot_proxy,137,all_drafted_players,R,2025-137-william-belle,https://en.wikipedia.org/wiki/2025_NHL_entry_draft
2025-138-sam-laurila,2025,draft_slot_proxy,138,all_drafted_players,D,2025-138-sam-laurila,https://en.wikipedia.org/wiki/2025_NHL_entry_draft
2025-139-zeb-lindgren,2025,draft_slot_proxy,139,all_drafted_players,D,2025-139-zeb-lindgren,https://en.wikipedia.org/wiki/2025_NHL_entry_draft
2025-140-nikita-tyurin,2025,draft_slot_proxy,140,all_drafted_players,D,2025-140-nikita-tyurin,https://en.wikipedia.org/wiki/2025_NHL_entry_draft
2025-141-justin-kipkie,2025,draft_slot_proxy,141,all_drafted_players,D,2025-141-justin-kipkie,https://en.wikipedia.org/wiki/2025_NHL_entry_draft
2025-142-ivan-tkach-tkachenko,2025,draft_slot_proxy,142,all_drafted_players,G,2025-142-ivan-tkach-tkachenko,https://en.wikipedia.org/wiki/2025_NHL_entry_draft
2025-143-wilson-bjorck,2025,draft_slot_proxy,143,all_drafted_players,C,2025-143-wilson-bjorck,https://en.wikipedia.org/wiki/2025_NHL_entry_draft
2025-144-ethan-wyttenbach,2025,draft_slot_proxy,144,all_drafted_players,L,2025-144-ethan-wyttenbach,https://en.wikipedia.org/wiki/2025_NHL_entry_draft
2025-145-alexis-cournoyer,2025,draft_slot_proxy,145,all_drafted_players,G,2025-145-alexis-cournoyer,https://en.wikipedia.org/wiki/2025_NHL_entry_draft
2025-146-atte-joki,2025,draft_slot_proxy,146,all_drafted_players,C,2025-146-atte-joki,https://en.wikipedia.org/wiki/2025_NHL_entry_draft
2025-147-mikhail-fyodorov,2025,draft_slot_proxy,147,all_drafted_players,R,2025-147-mikhail-fyodorov,https://en.wikipedia.org/wiki/2025_NHL_entry_draft
2025-148-quinn-beauchesne,2025,draft_slot_proxy,148,all_drafted_players,D,2025-148-quinn-beauchesne,https://en.wikipedia.org/wiki/2025_NHL_entry_draft
2025-149-dmitri-isayev,2025,draft_slot_proxy,149,all_drafted_players,L,2025-149-dmitri-isayev,https://en.wikipedia.org/wiki/2025_NHL_entry_draft
2025-150-max-heise,2025,draft_slot_proxy,150,all_drafted_players,C,2025-150-max-heise,https://en.wikipedia.org/wiki/2025_NHL_entry_draft
2025-151-everett-baldwin,2025,draft_slot_proxy,151,all_drafted_players,D,2025-151-everett-baldwin,https://en.wikipedia.org/wiki/2025_NHL_entry_draft
2025-152-petteri-rimpinen,2025,draft_slot_proxy,152,all_drafted_players,G,2025-152-petteri-rimpinen,https://en.wikipedia.org/wiki/2025_NHL_entry_draft
2025-153-harry-nansi,2025,draft_slot_proxy,153,all_drafted_players,R,2025-153-harry-nansi,https://en.wikipedia.org/wiki/2025_NHL_entry_draft
2025-154-jordan-charron,2025,draft_slot_proxy,154,all_drafted_players,R,2025-154-jordan-charron,https://en.wikipedia.org/wiki/2025_NHL_entry_draft
2025-155-jackson-crowder,2025,draft_slot_proxy,155,all_drafted_players,C,2025-155-jackson-crowder,https://en.wikipedia.org/wiki/2025_NHL_entry_draft
2025-156-viktor-klingsell,2025,draft_slot_proxy,156,all_drafted_players,R,2025-156-viktor-klingsell,https://en.wikipedia.org/wiki/2025_NHL_entry_draft
2025-157-luke-vlooswyk,2025,draft_slot_proxy,157,all_drafted_players,D,2025-157-luke-vlooswyk,https://en.wikipedia.org/wiki/2025_NHL_entry_draft
2025-158-mans-goos,2025,draft_slot_proxy,158,all_drafted_players,G,2025-158-mans-goos,https://en.wikipedia.org/wiki/2025_NHL_entry_draft
2025-159-emile-guite,2025,draft_slot_proxy,159,all_drafted_players,L,2025-159-emile-guite,https://en.wikipedia.org/wiki/2025_NHL_entry_draft
2025-160-owen-griffin,2025,draft_slot_proxy,160,all_drafted_players,C,2025-160-owen-griffin,https://en.wikipedia.org/wiki/2025_NHL_entry_draft
2025-161-david-rozsival,2025,draft_slot_proxy,161,all_drafted_players,R,2025-161-david-rozsival,https://en.wikipedia.org/wiki/2025_NHL_entry_draft
2025-162-ashton-cumby,2025,draft_slot_proxy,162,all_drafted_players,D,2025-162-ashton-cumby,https://en.wikipedia.org/wiki/2025_NHL_entry_draft
2025-163-daniel-nieminen,2025,draft_slot_proxy,163,all_drafted_players,D,2025-163-daniel-nieminen,https://en.wikipedia.org/wiki/2025_NHL_entry_draft
2025-164-nathan-quinn,2025,draft_slot_proxy,164,all_drafted_players,C,2025-164-nathan-quinn,https://en.wikipedia.org/wiki/2025_NHL_entry_draft
2025-165-kirill-yemelyanov,2025,draft_slot_proxy,165,all_drafted_players,C,2025-165-kirill-yemelyanov,https://en.wikipedia.org/wiki/2025_NHL_entry_draft
2025-166-samuel-jung,2025,draft_slot_proxy,166,all_drafted_players,R,2025-166-samuel-jung,https://en.wikipedia.org/wiki/2025_NHL_entry_draft
2025-167-ashton-schultz,2025,draft_slot_proxy,167,all_drafted_players,C,2025-167-ashton-schultz,https://en.wikipedia.org/wiki/2025_NHL_entry_draft
2025-168-anthony-allain-samake,2025,draft_slot_proxy,168,all_drafted_players,D,2025-168-anthony-allain-samake,https://en.wikipedia.org/wiki/2025_NHL_entry_draft
2025-169-carter-sanderson,2025,draft_slot_proxy,169,all_drafted_players,L,2025-169-carter-sanderson,https://en.wikipedia.org/wiki/2025_NHL_entry_draft
2025-170-burke-hood,2025,draft_slot_proxy,170,all_drafted_players,G,2025-170-burke-hood,https://en.wikipedia.org/wiki/2025_NHL_entry_draft
2025-171-evan-passmore,2025,draft_slot_proxy,171,all_drafted_players,D,2025-171-evan-passmore,https://en.wikipedia.org/wiki/2025_NHL_entry_draft
2025-172-will-murphy,2025,draft_slot_proxy,172,all_drafted_players,D,2025-172-will-murphy,https://en.wikipedia.org/wiki/2025_NHL_entry_draft
2025-173-victor-hedin-raftheim,2025,draft_slot_proxy,173,all_drafted_players,D,2025-173-victor-hedin-raftheim,https://en.wikipedia.org/wiki/2025_NHL_entry_draft
2025-174-ludvig-johnson,2025,draft_slot_proxy,174,all_drafted_players,D,2025-174-ludvig-johnson,https://en.wikipedia.org/wiki/2025_NHL_entry_draft
2025-175-gabriel-chiarot,2025,draft_slot_proxy,175,all_drafted_players,R,2025-175-gabriel-chiarot,https://en.wikipedia.org/wiki/2025_NHL_entry_draft
2025-176-aidan-lane,2025,draft_slot_proxy,176,all_drafted_players,R,2025-176-aidan-lane,https://en.wikipedia.org/wiki/2025_NHL_entry_draft
2025-177-carlos-handel,2025,draft_slot_proxy,177,all_drafted_players,D,2025-177-carlos-handel,https://en.wikipedia.org/wiki/2025_NHL_entry_draft
2025-178-sigge-holmgren,2025,draft_slot_proxy,178,all_drafted_players,D,2025-178-sigge-holmgren,https://en.wikipedia.org/wiki/2025_NHL_entry_draft
2025-179-love-harenstam,2025,draft_slot_proxy,179,all_drafted_players,G,2025-179-love-harenstam,https://en.wikipedia.org/wiki/2025_NHL_entry_draft
2025-180-aron-dahlqvist,2025,draft_slot_proxy,180,all_drafted_players,D,2025-180-aron-dahlqvist,https://en.wikipedia.org/wiki/2025_NHL_entry_draft
2025-181-bruno-idzan,2025,draft_slot_proxy,181,all_drafted_players,L,2025-181-bruno-idzan,https://en.wikipedia.org/wiki/2025_NHL_entry_draft
2025-182-reko-alanko,2025,draft_slot_proxy,182,all_drafted_players,D,2025-182-reko-alanko,https://en.wikipedia.org/wiki/2025_NHL_entry_draft
2025-183-viggo-nordlund,2025,draft_slot_proxy,183,all_drafted_players,L,2025-183-viggo-nordlund,https://en.wikipedia.org/wiki/2025_NHL_entry_draft
2025-184-jan-chovan,2025,draft_slot_proxy,184,all_drafted_players,C,2025-184-jan-chovan,https://en.wikipedia.org/wiki/2025_NHL_entry_draft
2025-185-rylan-fellinger,2025,draft_slot_proxy,185,all_drafted_players,D,2025-185-rylan-fellinger,https://en.wikipedia.org/wiki/2025_NHL_entry_draft
2025-186-alexander-weiermair,2025,draft_slot_proxy,186,all_drafted_players,C,2025-186-alexander-weiermair,https://en.wikipedia.org/wiki/2025_NHL_entry_draft
2025-187-gustav-sjoqvist,2025,draft_slot_proxy,187,all_drafted_players,D,2025-187-gustav-sjoqvist,https://en.wikipedia.org/wiki/2025_NHL_entry_draft
2025-188-edison-engle,2025,draft_slot_proxy,188,all_drafted_players,D,2025-188-edison-engle,https://en.wikipedia.org/wiki/2025_NHL_entry_draft
2025-189-andrew-macniel,2025,draft_slot_proxy,189,all_drafted_players,D,2025-189-andrew-macniel,https://en.wikipedia.org/wiki/2025_NHL_entry_draft
2025-190-dawson-sharkey,2025,draft_slot_proxy,190,all_drafted_players,R,2025-190-dawson-sharkey,https://en.wikipedia.org/wiki/2025_NHL_entry_draft
2025-191-daniel-salonen,2025,draft_slot_proxy,191,all_drafted_players,G,2025-191-daniel-salonen,https://en.wikipedia.org/wiki/2025_NHL_entry_draft
2025-192-arvid-drott,2025,draft_slot_proxy,192,all_drafted_players,R,2025-192-arvid-drott,https://en.wikipedia.org/wiki/2025_NHL_entry_draft
2025-193-caleb-heil,2025,draft_slot_proxy,193,all_drafted_players,G,2025-193-caleb-heil,https://en.wikipedia.org/wiki/2025_NHL_entry_draft
2025-194-ilya-kanarsky,2025,draft_slot_proxy,194,all_drafted_players,G,2025-194-ilya-kanarsky,https://en.wikipedia.org/wiki/2025_NHL_entry_draft
2025-195-melvin-novotny,2025,draft_slot_proxy,195,all_drafted_players,L,2025-195-melvin-novotny,https://en.wikipedia.org/wiki/2025_NHL_entry_draft
2025-196-brendan-mcmorrow,2025,draft_slot_proxy,196,all_drafted_players,C,2025-196-brendan-mcmorrow,https://en.wikipedia.org/wiki/2025_NHL_entry_draft
2025-197-brendan-dunphy,2025,draft_slot_proxy,197,all_drafted_players,D,2025-197-brendan-dunphy,https://en.wikipedia.org/wiki/2025_NHL_entry_draft
2025-198-jeremy-loranger,2025,draft_slot_proxy,198,all_drafted_players,C,2025-198-jeremy-loranger,https://en.wikipedia.org/wiki/2025_NHL_entry_draft
2025-199-yevgeni-prokhorov,2025,draft_slot_proxy,199,all_drafted_players,G,2025-199-yevgeni-prokhorov,https://en.wikipedia.org/wiki/2025_NHL_entry_draft
2025-200-brady-turko,2025,draft_slot_proxy,200,all_drafted_players,R,2025-200-brady-turko,https://en.wikipedia.org/wiki/2025_NHL_entry_draft
2025-201-kale-dach,2025,draft_slot_proxy,201,all_drafted_players,C,2025-201-kale-dach,https://en.wikipedia.org/wiki/2025_NHL_entry_draft
2025-202-jacob-kvasnicka,2025,draft_slot_proxy,202,all_drafted_players,R,2025-202-jacob-kvasnicka,https://en.wikipedia.org/wiki/2025_NHL_entry_draft
2025-203-felix-farhammar,2025,draft_slot_proxy,203,all_drafted_players,D,2025-203-felix-farhammar,https://en.wikipedia.org/wiki/2025_NHL_entry_draft
2025-204-grayden-robertson-palmer,2025,draft_slot_proxy,204,all_drafted_players,C,2025-204-grayden-robertson-palmer,https://en.wikipedia.org/wiki/2025_NHL_entry_draft
2025-205-karl-annborn,2025,draft_slot_proxy,205,all_drafted_players,D,2025-205-karl-annborn,https://en.wikipedia.org/wiki/2025_NHL_entry_draft
2025-206-roman-luttsev,2025,draft_slot_proxy,206,all_drafted_players,C,2025-206-roman-luttsev,https://en.wikipedia.org/wiki/2025_NHL_entry_draft
2025-207-matthew-lansing,2025,draft_slot_proxy,207,all_drafted_players,C,2025-207-matthew-lansing,https://en.wikipedia.org/wiki/2025_NHL_entry_draft
2025-208-jakob-leander,2025,draft_slot_proxy,208,all_drafted_players,D,2025-208-jakob-leander,https://en.wikipedia.org/wiki/2025_NHL_entry_draft
2025-209-maxon-vig,2025,draft_slot_proxy,209,all_drafted_players,D,2025-209-maxon-vig,https://en.wikipedia.org/wiki/2025_NHL_entry_draft
2025-210-richard-gallant,2025,draft_slot_proxy,210,all_drafted_players,L,2025-210-richard-gallant,https://en.wikipedia.org/wiki/2025_NHL_entry_draft
2025-211-yan-matveiko,2025,draft_slot_proxy,211,all_drafted_players,L,2025-211-yan-matveiko,https://en.wikipedia.org/wiki/2025_NHL_entry_draft
2025-212-grant-spada,2025,draft_slot_proxy,212,all_drafted_players,D,2025-212-grant-spada,https://en.wikipedia.org/wiki/2025_NHL_entry_draft
2025-213-andrei-trofimov,2025,draft_slot_proxy,213,all_drafted_players,G,2025-213-andrei-trofimov,https://en.wikipedia.org/wiki/2025_NHL_entry_draft
2025-214-nolan-roed,2025,draft_slot_proxy,214,all_drafted_players,C,2025-214-nolan-roed,https://en.wikipedia.org/wiki/2025_NHL_entry_draft
2025-215-marco-mignosa,2025,draft_slot_proxy,215,all_drafted_players,R,2025-215-marco-mignosa,https://en.wikipedia.org/wiki/2025_NHL_entry_draft
2025-216-william-sharpe,2025,draft_slot_proxy,216,all_drafted_players,D,2025-216-william-sharpe,https://en.wikipedia.org/wiki/2025_NHL_entry_draft
2025-217-matthew-hlacar,2025,draft_slot_proxy,217,all_drafted_players,L,2025-217-matthew-hlacar,https://en.wikipedia.org/wiki/2025_NHL_entry_draft
2025-218-loke-krantz,2025,draft_slot_proxy,218,all_drafted_players,R,2025-218-loke-krantz,https://en.wikipedia.org/wiki/2025_NHL_entry_draft
2025-219-ryan-rucinski,2025,draft_slot_proxy,219,all_drafted_players,C,2025-219-ryan-rucinski,https://en.wikipedia.org/wiki/2025_NHL_entry_draft
2025-220-jacob-cloutier,2025,draft_slot_proxy,220,all_drafted_players,R,2025-220-jacob-cloutier,https://en.wikipedia.org/wiki/2025_NHL_entry_draft
2025-221-filip-ekberg,2025,draft_slot_proxy,221,all_drafted_players,R,2025-221-filip-ekberg,https://en.wikipedia.org/wiki/2025_NHL_entry_draft
2025-222-charlie-paquette,2025,draft_slot_proxy,222,all_drafted_players,R,2025-222-charlie-paquette,https://en.wikipedia.org/wiki/2025_NHL_entry_draft
2025-223-aidan-park,2025,draft_slot_proxy,223,all_drafted_players,C,2025-223-aidan-park,https://en.wikipedia.org/wiki/2025_NHL_entry_draft
2025-224-yegor-midlak,2025,draft_slot_proxy,224,all_drafted_players,G,2025-224-yegor-midlak,https://en.wikipedia.org/wiki/2025_NHL_entry_draft
2025-001-matthew-schaefer,2025,eliteprospects_pdf,1,eliteprospects_draft_guide,D,2025-ep-pdf-page-29,Draft25.pdf#page=29
2025-002-michael-misa,2025,eliteprospects_pdf,2,eliteprospects_draft_guide,CLW,2025-ep-pdf-page-47,Draft25.pdf#page=47
2025-006-porter-martone,2025,eliteprospects_pdf,3,eliteprospects_draft_guide,RW,2025-ep-pdf-page-64,Draft25.pdf#page=64
2025-007-james-hagens,2025,eliteprospects_pdf,4,eliteprospects_draft_guide,C,2025-ep-pdf-page-86,Draft25.pdf#page=86
2025-010-roger-mcqueen,2025,eliteprospects_pdf,5,eliteprospects_draft_guide,C,2025-ep-pdf-page-104,Draft25.pdf#page=104
2025-014-jackson-smith,2025,eliteprospects_pdf,6,eliteprospects_draft_guide,D,2025-ep-pdf-page-114,Draft25.pdf#page=114
2025-004-caleb-desnoyers,2025,eliteprospects_pdf,7,eliteprospects_draft_guide,C,2025-ep-pdf-page-127,Draft25.pdf#page=127
2025-013-carter-bear,2025,eliteprospects_pdf,8,eliteprospects_draft_guide,LW,2025-ep-pdf-page-144,Draft25.pdf#page=144
2025-016-victor-eklund,2025,eliteprospects_pdf,9,eliteprospects_draft_guide,RWLW,2025-ep-pdf-page-154,Draft25.pdf#page=154
2025-008-jake-o-brien,2025,eliteprospects_pdf,10,eliteprospects_draft_guide,C,2025-ep-pdf-page-173,Draft25.pdf#page=173
2025-019-justin-carbonneau,2025,eliteprospects_pdf,11,eliteprospects_draft_guide,RW,2025-ep-pdf-page-188,Draft25.pdf#page=188
2025-005-brady-martin,2025,eliteprospects_pdf,12,eliteprospects_draft_guide,C,2025-ep-pdf-page-204,Draft25.pdf#page=204
2025-003-anton-frondell,2025,eliteprospects_pdf,13,eliteprospects_draft_guide,C,2025-ep-pdf-page-218,Draft25.pdf#page=218
2025-027-lynden-lakovic,2025,eliteprospects_pdf,14,eliteprospects_draft_guide,LWRW,2025-ep-pdf-page-241,Draft25.pdf#page=241
2025-009-radim-mrtka,2025,eliteprospects_pdf,15,eliteprospects_draft_guide,D,2025-ep-pdf-page-253,Draft25.pdf#page=253
2025-015-braeden-cootes,2025,eliteprospects_pdf,16,eliteprospects_draft_guide,C,2025-ep-pdf-page-267,Draft25.pdf#page=267
2025-023-logan-hensler,2025,eliteprospects_pdf,17,eliteprospects_draft_guide,D,2025-ep-pdf-page-278,Draft25.pdf#page=278
2025-017-kashawn-aitcheson,2025,eliteprospects_pdf,18,eliteprospects_draft_guide,D,2025-ep-pdf-page-290,Draft25.pdf#page=290
2025-021-cameron-reid,2025,eliteprospects_pdf,19,eliteprospects_draft_guide,D,2025-ep-pdf-page-302,Draft25.pdf#page=302
2025-011-ben-kindel,2025,eliteprospects_pdf,20,eliteprospects_draft_guide,CRW,2025-ep-pdf-page-314,Draft25.pdf#page=314
2025-043-malcolm-spence,2025,eliteprospects_pdf,21,eliteprospects_draft_guide,LW,2025-ep-pdf-page-324,Draft25.pdf#page=324
2025-094-cameron-schmidt,2025,eliteprospects_pdf,22,eliteprospects_draft_guide,LW,2025-ep-pdf-page-336,Draft25.pdf#page=336
2025-036-blake-fiddler,2025,eliteprospects_pdf,23,eliteprospects_draft_guide,D,2025-ep-pdf-page-352,Draft25.pdf#page=352
2025-030-joshua-ravensbergen,2025,eliteprospects_pdf,24,eliteprospects_draft_guide,G,2025-ep-pdf-page-364,Draft25.pdf#page=364
2025-018-cole-reschny,2025,eliteprospects_pdf,25,eliteprospects_draft_guide,C,2025-ep-pdf-page-370,Draft25.pdf#page=370
2025-025-vaclav-nestrasil,2025,eliteprospects_pdf,26,eliteprospects_draft_guide,RW,2025-ep-pdf-page-380,Draft25.pdf#page=380
2025-048-shane-vansaghi,2025,eliteprospects_pdf,27,eliteprospects_draft_guide,RW,2025-ep-pdf-page-389,Draft25.pdf#page=389
2025-022-bill-zonnon,2025,eliteprospects_pdf,28,eliteprospects_draft_guide,CLW,2025-ep-pdf-page-396,Draft25.pdf#page=396
2025-040-jack-murtagh,2025,eliteprospects_pdf,29,eliteprospects_draft_guide,RW,2025-ep-pdf-page-404,Draft25.pdf#page=404
2025-032-cullen-potter,2025,eliteprospects_pdf,30,eliteprospects_draft_guide,CLW,2025-ep-pdf-page-415,Draft25.pdf#page=415
2025-046-max-psenicka,2025,eliteprospects_pdf,31,eliteprospects_draft_guide,D,2025-ep-pdf-page-426,Draft25.pdf#page=426
2025-035-jacob-rombach,2025,eliteprospects_pdf,32,eliteprospects_draft_guide,D,2025-ep-pdf-page-434,Draft25.pdf#page=434
2025-067-kurban-limatov,2025,eliteprospects_pdf,33,eliteprospects_draft_guide,D,2025-ep-pdf-page-443,Draft25.pdf#page=443
2025-026-ryker-lee,2025,eliteprospects_pdf,34,eliteprospects_draft_guide,RW,2025-ep-pdf-page-456,Draft25.pdf#page=456
2025-051-william-moore,2025,eliteprospects_pdf,35,eliteprospects_draft_guide,LWC,2025-ep-pdf-page-465,Draft25.pdf#page=465
2025-066-nathan-behm,2025,eliteprospects_pdf,36,eliteprospects_draft_guide,LW,2025-ep-pdf-page-478,Draft25.pdf#page=478
2025-028-sascha-boumedienne,2025,eliteprospects_pdf,37,eliteprospects_draft_guide,D,2025-ep-pdf-page-485,Draft25.pdf#page=485
2025-031-henry-brzustewicz,2025,eliteprospects_pdf,38,eliteprospects_draft_guide,D,2025-ep-pdf-page-498,Draft25.pdf#page=498
2025-088-kristian-epperson,2025,eliteprospects_pdf,39,eliteprospects_draft_guide,LW,2025-ep-pdf-page-504,Draft25.pdf#page=504
2025-074-luca-romano,2025,eliteprospects_pdf,40,eliteprospects_draft_guide,C,2025-ep-pdf-page-513,Draft25.pdf#page=513
2025-063-ben-kevan,2025,eliteprospects_pdf,41,eliteprospects_draft_guide,RWLW,2025-ep-pdf-page-522,Draft25.pdf#page=522
2025-034-alexander-zharovsky,2025,eliteprospects_pdf,42,eliteprospects_draft_guide,RW,2025-ep-pdf-page-533,Draft25.pdf#page=533
2025-069-hayden-paupanekis,2025,eliteprospects_pdf,43,eliteprospects_draft_guide,C,2025-ep-pdf-page-544,Draft25.pdf#page=544
2025-057-matthew-gard,2025,eliteprospects_pdf,44,eliteprospects_draft_guide,C,2025-ep-pdf-page-550,Draft25.pdf#page=550
2025-037-milton-gastrin,2025,eliteprospects_pdf,45,eliteprospects_draft_guide,C,2025-ep-pdf-page-556,Draft25.pdf#page=556
2025-029-mason-west,2025,eliteprospects_pdf,46,eliteprospects_draft_guide,CRW,2025-ep-pdf-page-568,Draft25.pdf#page=568
2025-071-david-bedkowski,2025,eliteprospects_pdf,47,eliteprospects_draft_guide,D,2025-ep-pdf-page-576,Draft25.pdf#page=576
2025-012-jack-nesbitt,2025,eliteprospects_pdf,48,eliteprospects_draft_guide,C,2025-ep-pdf-page-582,Draft25.pdf#page=582
2025-033-haoxi-wang,2025,eliteprospects_pdf,49,eliteprospects_draft_guide,D,2025-ep-pdf-page-589,Draft25.pdf#page=589
2025-056-ethan-czata,2025,eliteprospects_pdf,50,eliteprospects_draft_guide,CRW,2025-ep-pdf-page-597,Draft25.pdf#page=597
2025-053-cole-mckinney,2025,eliteprospects_pdf,51,eliteprospects_draft_guide,C,2025-ep-pdf-page-603,Draft25.pdf#page=603
2025-062-ivan-ryabkin,2025,eliteprospects_pdf,52,eliteprospects_draft_guide,CLW,2025-ep-pdf-page-612,Draft25.pdf#page=612
2025-055-jakob-ihs-wozniak,2025,eliteprospects_pdf,53,eliteprospects_draft_guide,LWC,2025-ep-pdf-page-632,Draft25.pdf#page=632
2025-073-charlie-trethewey,2025,eliteprospects_pdf,54,eliteprospects_draft_guide,D,2025-ep-pdf-page-649,Draft25.pdf#page=649
2025-042-daniil-prokhorov,2025,eliteprospects_pdf,56,eliteprospects_draft_guide,LW,2025-ep-pdf-page-667,Draft25.pdf#page=667
2025-024-will-horcoff,2025,eliteprospects_pdf,57,eliteprospects_draft_guide,LWC,2025-ep-pdf-page-676,Draft25.pdf#page=676
2025-054-theo-stockselius,2025,eliteprospects_pdf,58,eliteprospects_draft_guide,CLW,2025-ep-pdf-page-683,Draft25.pdf#page=683
2025-039-peyton-kettles,2025,eliteprospects_pdf,59,eliteprospects_draft_guide,D,2025-ep-pdf-page-691,Draft25.pdf#page=691
2025-045-eric-nilson,2025,eliteprospects_pdf,60,eliteprospects_draft_guide,C,2025-ep-pdf-page-697,Draft25.pdf#page=697
2025-086-tyler-hopkins,2025,eliteprospects_pdf,61,eliteprospects_draft_guide,C,2025-ep-pdf-page-708,Draft25.pdf#page=708
2025-038-carter-amico,2025,eliteprospects_pdf,62,eliteprospects_draft_guide,D,2025-ep-pdf-page-713,Draft25.pdf#page=713
2025-044-eddie-genborg,2025,eliteprospects_pdf,63,eliteprospects_draft_guide,LWRW,2025-ep-pdf-page-720,Draft25.pdf#page=720
2025-076-malte-vass,2025,eliteprospects_pdf,64,eliteprospects_draft_guide,D,2025-ep-pdf-page-728,Draft25.pdf#page=728
2025-047-alexei-medvedev,2025,eliteprospects_pdf,66,eliteprospects_draft_guide,G,2025-ep-pdf-page-742,Draft25.pdf#page=742
2025-070-sean-barnhill,2025,eliteprospects_pdf,67,eliteprospects_draft_guide,D,2025-ep-pdf-page-745,Draft25.pdf#page=745
2025-126-brandon-gorzynski,2025,eliteprospects_pdf,68,eliteprospects_draft_guide,LW,2025-ep-pdf-page-750,Draft25.pdf#page=750
2025-080-mace-o-phillips,2025,eliteprospects_pdf,69,eliteprospects_draft_guide,D,2025-ep-pdf-page-754,Draft25.pdf#page=754
2025-151-everett-baldwin,2025,eliteprospects_pdf,70,eliteprospects_draft_guide,D,2025-ep-pdf-page-761,Draft25.pdf#page=761
2025-079-cooper-simpson,2025,eliteprospects_pdf,71,eliteprospects_draft_guide,LW,2025-ep-pdf-page-765,Draft25.pdf#page=765
2025-188-edison-engle,2025,eliteprospects_pdf,72,eliteprospects_draft_guide,D,2025-ep-pdf-page-770,Draft25.pdf#page=770
2025-113-l-j-mooney,2025,eliteprospects_pdf,73,eliteprospects_draft_guide,CRW,2025-ep-pdf-page-776,Draft25.pdf#page=776
2025-041-semyon-frolov,2025,eliteprospects_pdf,75,eliteprospects_draft_guide,G,2025-ep-pdf-page-789,Draft25.pdf#page=789
2025-221-filip-ekberg,2025,eliteprospects_pdf,76,eliteprospects_draft_guide,LW,2025-ep-pdf-page-791,Draft25.pdf#page=791
2025-117-david-lewandowski,2025,eliteprospects_pdf,77,eliteprospects_draft_guide,LW,2025-ep-pdf-page-799,Draft25.pdf#page=799
2025-020-pyotr-andreyanov,2025,eliteprospects_pdf,79,eliteprospects_draft_guide,G,2025-ep-pdf-page-811,Draft25.pdf#page=811
2025-156-viktor-klingsell,2025,eliteprospects_pdf,80,eliteprospects_draft_guide,LWRW,2025-ep-pdf-page-813,Draft25.pdf#page=813
2025-160-owen-griffin,2025,eliteprospects_pdf,81,eliteprospects_draft_guide,C,2025-ep-pdf-page-824,Draft25.pdf#page=824
2025-091-brady-peddle,2025,eliteprospects_pdf,82,eliteprospects_draft_guide,D,2025-ep-pdf-page-829,Draft25.pdf#page=829
2025-183-viggo-nordlund,2025,eliteprospects_pdf,83,eliteprospects_draft_guide,LW,2025-ep-pdf-page-833,Draft25.pdf#page=833
2025-121-lirim-amidovski,2025,eliteprospects_pdf,84,eliteprospects_draft_guide,RW,2025-ep-pdf-page-845,Draft25.pdf#page=845
2025-095-teddy-mutryn,2025,eliteprospects_pdf,85,eliteprospects_draft_guide,RW,2025-ep-pdf-page-851,Draft25.pdf#page=851
2025-129-shamar-moses,2025,eliteprospects_pdf,86,eliteprospects_draft_guide,RW,2025-ep-pdf-page-855,Draft25.pdf#page=855
2025-097-lucas-beckman,2025,eliteprospects_pdf,88,eliteprospects_draft_guide,G,2025-ep-pdf-page-865,Draft25.pdf#page=865
2025-125-jimmy-lombardi,2025,eliteprospects_pdf,90,eliteprospects_draft_guide,C,2025-ep-pdf-page-872,Draft25.pdf#page=872
2025-148-quinn-beauchesne,2025,eliteprospects_pdf,91,eliteprospects_draft_guide,D,2025-ep-pdf-page-877,Draft25.pdf#page=877
2025-122-alex-huang,2025,eliteprospects_pdf,92,eliteprospects_draft_guide,D,2025-ep-pdf-page-883,Draft25.pdf#page=883
2025-061-liam-pettersson,2025,eliteprospects_pdf,94,eliteprospects_draft_guide,D,2025-ep-pdf-page-897,Draft25.pdf#page=897
2025-081-bryce-pickford,2025,eliteprospects_pdf,95,eliteprospects_draft_guide,D,2025-ep-pdf-page-901,Draft25.pdf#page=901
2025-168-anthony-allain-samake,2025,eliteprospects_pdf,96,eliteprospects_draft_guide,D,2025-ep-pdf-page-904,Draft25.pdf#page=904
2025-072-noah-read,2025,eliteprospects_pdf,97,eliteprospects_draft_guide,LW,2025-ep-pdf-page-909,Draft25.pdf#page=909
2025-112-mads-kongsbak-klyvo,2025,eliteprospects_pdf,98,eliteprospects_draft_guide,LWRW,2025-ep-pdf-page-913,Draft25.pdf#page=913
2025-134-maxim-agafonov,2025,eliteprospects_pdf,99,eliteprospects_draft_guide,D,2025-ep-pdf-page-917,Draft25.pdf#page=917
2025-152-petteri-rimpinen,2025,eliteprospects_pdf,100,eliteprospects_draft_guide,G,2025-ep-pdf-page-923,Draft25.pdf#page=923
2025-092-owen-martin,2025,eliteprospects_pdf,101,eliteprospects_draft_guide,C,2025-ep-pdf-page-925,Draft25.pdf#page=925
2025-102-adam-benak,2025,eliteprospects_pdf,102,eliteprospects_draft_guide,RWC,2025-ep-pdf-page-929,Draft25.pdf#page=929
2025-153-harry-nansi,2025,eliteprospects_pdf,103,eliteprospects_draft_guide,RW,2025-ep-pdf-page-941,Draft25.pdf#page=941
2025-177-carlos-handel,2025,eliteprospects_pdf,104,eliteprospects_draft_guide,D,2025-ep-pdf-page-946,Draft25.pdf#page=946
2025-171-evan-passmore,2025,eliteprospects_pdf,106,eliteprospects_draft_guide,D,2025-ep-pdf-page-957,Draft25.pdf#page=957
2025-132-max-westergard,2025,eliteprospects_pdf,108,eliteprospects_draft_guide,RWLW,2025-ep-pdf-page-968,Draft25.pdf#page=968
2025-058-jack-ivankovic,2025,eliteprospects_pdf,109,eliteprospects_draft_guide,G,2025-ep-pdf-page-975,Draft25.pdf#page=975
2025-060-lasse-boelius,2025,eliteprospects_pdf,110,eliteprospects_draft_guide,D,2025-ep-pdf-page-982,Draft25.pdf#page=982
2025-065-kieren-dervin,2025,eliteprospects_pdf,111,eliteprospects_draft_guide,C,2025-ep-pdf-page-989,Draft25.pdf#page=989
2025-130-ryan-miller,2025,eliteprospects_pdf,112,eliteprospects_draft_guide,LW,2025-ep-pdf-page-992,Draft25.pdf#page=992
2025-059-vojtech-cihar,2025,eliteprospects_pdf,113,eliteprospects_draft_guide,LWC,2025-ep-pdf-page-995,Draft25.pdf#page=995
2025-223-aidan-park,2025,eliteprospects_pdf,114,eliteprospects_draft_guide,C,2025-ep-pdf-page-1003,Draft25.pdf#page=1003
2025-165-kirill-yemelyanov,2025,eliteprospects_pdf,116,eliteprospects_draft_guide,C,2025-ep-pdf-page-1014,Draft25.pdf#page=1014
2025-135-noah-laberge,2025,eliteprospects_pdf,117,eliteprospects_draft_guide,D,2025-ep-pdf-page-1019,Draft25.pdf#page=1019
2025-052-theodor-hallquisth,2025,eliteprospects_pdf,118,eliteprospects_draft_guide,D,2025-ep-pdf-page-1022,Draft25.pdf#page=1022
2025-163-daniel-nieminen,2025,eliteprospects_pdf,121,eliteprospects_draft_guide,D,2025-ep-pdf-page-1040,Draft25.pdf#page=1040
2025-087-roman-bausov,2025,eliteprospects_pdf,122,eliteprospects_draft_guide,D,2025-ep-pdf-page-1047,Draft25.pdf#page=1047
2025-083-tommy-lafreniere,2025,eliteprospects_pdf,124,eliteprospects_draft_guide,RWC,2025-ep-pdf-page-1056,Draft25.pdf#page=1056
2025-164-nathan-quinn,2025,eliteprospects_pdf,125,eliteprospects_draft_guide,C,2025-ep-pdf-page-1059,Draft25.pdf#page=1059
2025-205-karl-annborn,2025,eliteprospects_pdf,126,eliteprospects_draft_guide,D,2025-ep-pdf-page-1065,Draft25.pdf#page=1065
2025-085-mateo-nobert,2025,eliteprospects_pdf,127,eliteprospects_draft_guide,C,2025-ep-pdf-page-1070,Draft25.pdf#page=1070
2025-181-bruno-idzan,2025,eliteprospects_pdf,128,eliteprospects_draft_guide,LW,2025-ep-pdf-page-1075,Draft25.pdf#page=1075
2025-106-tomas-poletin,2025,eliteprospects_pdf,130,eliteprospects_draft_guide,LW,2025-ep-pdf-page-1090,Draft25.pdf#page=1090
2025-154-jordan-charron,2025,eliteprospects_pdf,132,eliteprospects_draft_guide,RW,2025-ep-pdf-page-1099,Draft25.pdf#page=1099
2025-140-nikita-tyurin,2025,eliteprospects_pdf,133,eliteprospects_draft_guide,D,2025-ep-pdf-page-1102,Draft25.pdf#page=1102
2025-114-gustav-hillstrom,2025,eliteprospects_pdf,134,eliteprospects_draft_guide,C,2025-ep-pdf-page-1106,Draft25.pdf#page=1106
2025-103-matous-kucharcik,2025,eliteprospects_pdf,135,eliteprospects_draft_guide,C,2025-ep-pdf-page-1111,Draft25.pdf#page=1111
