player_id,draft_year,name,page_start,page_end,rank,rank_range,grade,position,handedness,height_text,height_cm,weight_kg,birth_date,shades_of,badges,profile_summary,profile_text_chars,extraction_warnings,source,source_id,source_url
2025-001-matthew-schaefer,2025,Matthew Schaefer,29,29,1,1 - 2,A,D,L,6’1.75”,187,83,2007-09-05,Miro Heiskanen,Ace; Engine Fleet of Foot Transition,An overwhelmingly skilled and dynamic play-driving talent with unmatched developmental runway; all the makings of a franchise-altering No. 1 defenceman in the NHL.,1995,,eliteprospects_pdf,2025-ep-pdf-page-29,Draft25.pdf#page=29
2025-002-michael-misa,2025,Michael Misa,47,47,2,1 - 2,A,CLW,L,6’0.75”,185,83,2007-02-16,Macklin Celebrini,Engine Vision Chess; Master,"A dynamic, play-driving dual-threat scoring centre with exceptional details, contact skills, and machine-like motor. One of the most well-rounded forwards to come out of the OHL in years.",1922,,eliteprospects_pdf,2025-ep-pdf-page-47,Draft25.pdf#page=47
2025-006-porter-martone,2025,Porter Martone,64,64,3,1 - 5,A,RW,R,6’2.75”,190,94,2006-10-26,"Blake Wheeler, Mikko Rantanen",Brain; Finisher; Vision Clinical,A special talent whose passing vision and tactical genius could put him up amongst the NHL’s elite playmakers – a unique combination of hard and soft skills with top-line upside.,2047,,eliteprospects_pdf,2025-ep-pdf-page-64,Draft25.pdf#page=64
2025-007-james-hagens,2025,James Hagens,86,86,4,4 - 9,A,C,L,5’10.5”,179,80,2006-11-03,"Logan Cooley, Jack Hughes",Ace; Transition; Vision Ankle Breaker,"Dynamic skating, handling, and a full scoring arsenal could make the former No. 1 overall favourite a steal — if he returns to his play-driving ways.",2045,,eliteprospects_pdf,2025-ep-pdf-page-86,Draft25.pdf#page=86
2025-010-roger-mcqueen,2025,Roger McQueen,104,104,5,4 - 9,A,C,R,6’5.25”,196,89,2006-10-02,Evgeni Malkin,Ankle; Breaker; Sniper Vision,"A power centre with highlight-reel handling skill, a sniper’s release, playmaking ability, and defensive impact, but repeated injuries make him the draft’s biggest risk.",2048,,eliteprospects_pdf,2025-ep-pdf-page-104,Draft25.pdf#page=104
2025-014-jackson-smith,2025,Jackson Smith,114,114,6,4 - 9,A,D,L,6’3.25”,191,88,2007-05-13,"Thomas Harley, Travis Sanheim",Evasive Play Killer Toolsy,"A dynamic offensive creator, explosive four-way mover, physical shutdown presence, and more all in the same skill set. All roads lead to the NHL, but which pathway will he take?",1729,,eliteprospects_pdf,2025-ep-pdf-page-114,Draft25.pdf#page=114
2025-004-caleb-desnoyers,2025,Caleb Desnoyers,127,127,7,6 - 12,A,C,L,6’1.5”,187,81,2007-04-11,Sean Couturier,Hammer; Master; Vision Chess,"A detailed 200-foot centre with a hard-nosed net-front game, deceptive open-ice playmaking, and flashes of a power forward game. More pace is required.",2063,,eliteprospects_pdf,2025-ep-pdf-page-127,Draft25.pdf#page=127
2025-013-carter-bear,2025,Carter Bear,144,144,8,7 - 12,A,LW,L,6’0”,183,81,2006-11-04,"Seth Jarvis, Brandon Hagel",Finisher; Got That Bear; Vision Clinical; in Him,"Perhaps the most intense competitor in the draft, he’s fearless, physical, and always making something happen — and he’s one of the top playmakers available, too.",2072,,eliteprospects_pdf,2025-ep-pdf-page-144,Draft25.pdf#page=144
2025-016-victor-eklund,2025,Victor Eklund,154,154,9,7 - 12,A,RWLW,R,5’11”,180,73,2006-10-03,"Seth Jarvis, Travis Konecny",Got That Dog; In Him; Vision Fearless,A highly translatable and skilled winger with one of the best motors in the draft and a physical game that supersedes his size; a strong bet to become a top-six NHL contributor.,2109,,eliteprospects_pdf,2025-ep-pdf-page-154,Draft25.pdf#page=154
2025-008-jake-o-brien,2025,Jake O’Brien,173,173,10,6 - 16,A,C,R,6’1.75”,187,78,2007-06-16,Dylan Strome,Ankle; Breaker; Master; Vision Chess,"A deceptive and smooth playmaker with high-end vision, a detailed approach, and lots of physical runway left. Improved pace could make him a top-six centre.",2044,,eliteprospects_pdf,2025-ep-pdf-page-173,Draft25.pdf#page=173
2025-019-justin-carbonneau,2025,Justin Carbonneau,188,188,11,8 - 14,A,RW,R,6’1”,185,87,2006-11-25,Filip Forsberg,Ankle Breaker Toolsy Clinical; Finisher,"A highlight reel creator with top-of-class tools and the mindset to be a difference-maker. Decision-making needs work, but the top- six upside is clear.",2037,,eliteprospects_pdf,2025-ep-pdf-page-188,Draft25.pdf#page=188
2025-005-brady-martin,2025,Brady Martin,204,204,12,8 - 14,A,C,R,6’0”,183,81,2007-03-16,Sam Bennett,Fearless; Freight Train Chess; Master,A one-of-a-kind manipulative playmaker who overwhelms opponents with monster forechecking ability and bone-crushing hits. Top-six NHL outcome hinges on skating development.,1855,,eliteprospects_pdf,2025-ep-pdf-page-204,Draft25.pdf#page=204
2025-003-anton-frondell,2025,Anton Frondell,218,218,13,8 - 18,A,C,L,6’1”,185,90,2007-05-07,"Bo Horvat, Anders Lee, Brock Nelson",Tactician Sniper Hammer,An overpowering two-way forward with a high-end release and off-puck instincts around the slot; upside hinges on play-driving and playmaking skill.,2069,,eliteprospects_pdf,2025-ep-pdf-page-218,Draft25.pdf#page=218
2025-027-lynden-lakovic,2025,Lynden Lakovic,241,241,14,10 - 14,A,LWRW,L,6’4.25”,194,86,2006-12-12,"Quinton Byfield, Dylan Cozens",Vision Sniper Toolsy,A fluid mover with dual-threat scoring and masterful control of the game. Few prospects evolve as much he has — physicality is the next step.,1880,,eliteprospects_pdf,2025-ep-pdf-page-241,Draft25.pdf#page=241
2025-009-radim-mrtka,2025,Radim Mrtka,253,253,15,12 - 17,A,D,R,6’5.75”,197,94,2007-06-09,Marcus Pettersson,Play Killer Vision Motor,"A towering minute-eating defenceman on track to become an NHLer. He has top-four skill, sense, and pace some nights, but he’ll have to find them every night to maintain effectiveness.",1921,,eliteprospects_pdf,2025-ep-pdf-page-253,Draft25.pdf#page=253
2025-015-braeden-cootes,2025,Braeden Cootes,267,267,16,12 - 19,A,C,R,5’11.25”,181,83,2007-02-09,Vincent Trocheck,Fearless Brain; Got That Dog; in Him,"This one man forechecking machine already looks like an NHLer. With flashes of dynamic play-driving, there’s top-six potential, too.",2000,,eliteprospects_pdf,2025-ep-pdf-page-267,Draft25.pdf#page=267
2025-023-logan-hensler,2025,Logan Hensler,278,278,17,14 - 21,A,D,R,6’2.25”,189,87,2006-10-14,Noah Hanifin,Play Killer Toolsy Versatility,"A toolsy play-killer who steadily improved through the season. An easy projection to the NHL, and there’s more offence to give.",1899,,eliteprospects_pdf,2025-ep-pdf-page-278,Draft25.pdf#page=278
2025-017-kashawn-aitcheson,2025,Kashawn Aitcheson,290,290,18,14 - 21,A,D,L,6’1.5”,187,89,2006-09-21,Jacob Trouba with a one-timer,Finisher; Freight Train Clinical; Pest,"A punishing two-way defender with clutch scoring ability, play- killing potential, and elite physical skills. A future fan favourite in the NHL.",1829,,eliteprospects_pdf,2025-ep-pdf-page-290,Draft25.pdf#page=290
2025-021-cameron-reid,2025,Cameron Reid,302,302,19,14 - 25,A,D,L,5’11.75”,182,88,2007-04-08,"Devon Toews, Cam York",Ace; Fleet of Foot Play Killer Transition,"A play-driving defender with all-around skills and flashes of high-end offence, but he will have to tap into his offence consistently to fill a top-end role.",1855,,eliteprospects_pdf,2025-ep-pdf-page-302,Draft25.pdf#page=302
2025-011-ben-kindel,2025,Benjamin Kindel,314,314,20,18 - 23,A,CRW,R,5’10”,178,80,2007-04-19,Clayton Keller,Ace; Brain Transition; Vision,"Relentless pace, vision, mid-range scoring, and defensive details define this hard-working forward’s game.",2085,,eliteprospects_pdf,2025-ep-pdf-page-314,Draft25.pdf#page=314
2025-043-malcolm-spence,2025,Malcolm Spence,324,324,21,18 - 25,A,LW,L,6’1”,185,92,2006-09-22,Jake Neighbours,Clinical; Finisher; Versatility Got That Dog; in Him,"A highly disruptive winger with intelligence, high-end details, and pro-style habits that will translate easily to the NHL, but lacks a dynamic element.",1921,,eliteprospects_pdf,2025-ep-pdf-page-324,Draft25.pdf#page=324
2025-094-cameron-schmidt,2025,Cameron Schmidt,336,336,22,21 - 30,A,LW,R,5’7.25”,171,73,2007-01-19,Turbocharged Alex DeBrincat,Sniper Fleet of Foot Got That Dog; in Him,"The fastest skater in the draft, a high-end shooter, electrifying rusher, and surprisingly physical — he has the special to make the NHL, but can he adapt?",2009,,eliteprospects_pdf,2025-ep-pdf-page-336,Draft25.pdf#page=336
2025-036-blake-fiddler,2025,Blake Fiddler,352,352,23,23 - 33,A,D,R,6’4”,193,95,2007-07-09,Adam Larsson,Ace; Toolsy Play Killer Transition,"One of the toolsiest defencemen in the draft class with plus-level mobility and flashes of exciting puck skills, but shutting down the opposition will be his calling card.",2040,,eliteprospects_pdf,2025-ep-pdf-page-352,Draft25.pdf#page=352
2025-030-joshua-ravensbergen,2025,Joshua Ravensbergen,364,364,24,23 - 34,A,G,R,6’5.25”,196,86,2006-11-27,Ben Bishop,,"Big, composed, and confident goalie who uses all of his tools effectively. Elite puck tracker that is able to come up with big saves.",1363,tool_grades_from_vision,eliteprospects_pdf,2025-ep-pdf-page-364,Draft25.pdf#page=364
2025-018-cole-reschny,2025,Cole Reschny,370,370,25,21 - 36,A,C,L,5’10.5”,179,83,2007-04-06,Matt Coronato,Vision Brain Tactician,"Equal parts clever open-ice playmaker and robust down-low creator, he has the skill to fill the net — and the details to make it without dynamic skating.",1869,,eliteprospects_pdf,2025-ep-pdf-page-370,Draft25.pdf#page=370
2025-025-vaclav-nestrasil,2025,Václav Nestrašil,380,380,26,22 - 41,A,RW,R,6’5.25”,196,85,2007-04-06,Alexei Protas,Fearless Raw; Got That Dog; in Him,"A hard-working winger with creativity, handling, flashes of high-end thinking, and an increasingly violent side. A long-term prospect, but one with unique potential.",1921,,eliteprospects_pdf,2025-ep-pdf-page-380,Draft25.pdf#page=380
2025-048-shane-vansaghi,2025,Shane Vansaghi,389,389,27,24 - 32,A,RW,R,6’2.25”,189,95,2006-10-11,Will Cuylle,Got That Dog; in Him,"The ultimate bottom-six checking forward: Skill, intelligence, relentless pace, and overpowering physicality.",2202,,eliteprospects_pdf,2025-ep-pdf-page-389,Draft25.pdf#page=389
2025-022-bill-zonnon,2025,Bill Zonnon,396,396,28,24 - 32,A,CLW,L,6’1.5”,187,84,2006-10-03,Ryan O’Reilly,Fearless Vision; Got That Dog; in Him,"A playoff-ready forward with special checking skills: Skill, intelligence, relentless pace, and playmaking.",1934,,eliteprospects_pdf,2025-ep-pdf-page-396,Draft25.pdf#page=396
2025-040-jack-murtagh,2025,Jack Murtagh,404,404,29,28 - 41,A,RW,L,6’0.75”,185,91,2007-08-22,"Chris Kreider, Jiří Kulich",Fearless Sniper Motor,"A versatile spark plug winger who took major steps this year as a playmaker, complementing his potent shot and high intensity. A high-likelihood middle-six winger.",1808,,eliteprospects_pdf,2025-ep-pdf-page-404,Draft25.pdf#page=404
2025-032-cullen-potter,2025,Cullen Potter,415,415,30,28 - 41,A,CLW,L,5’10”,178,78,2007-01-10,Trevor Moore,Breaker; Fleet of Foot Evasive Ankle,"A high-end skater who brings a sniper’s release and some playmaking, but it was his growth defensively and physically that impressed this season.",2079,,eliteprospects_pdf,2025-ep-pdf-page-415,Draft25.pdf#page=415
2025-046-max-psenicka,2025,Max Pšenička,426,426,31,29 - 47,B,D,R,6’4”,193,80,2007-01-18,Michael Kesselring,Vision Play Killer Got That Dog; in Him,"Perhaps the draft’s biggest second-half riser, this high-pace breakout wizard adapted to the WHL instantly, and still has to more to give offensively.",1896,,eliteprospects_pdf,2025-ep-pdf-page-426,Draft25.pdf#page=426
2025-035-jacob-rombach,2025,Jacob Rombach,434,434,32,29 - 47,B,D,L,6’6.25”,199,91,2007-04-01,Brandon Carlo,Ace; Motor; Play Killer Transition,"The modern shutdown NHL defenceman: Towering size, polished habits, and standout retrieval ability. Skill development in progress, but the want is there.",1908,,eliteprospects_pdf,2025-ep-pdf-page-434,Draft25.pdf#page=434
2025-067-kurban-limatov,2025,Kurban Limatov,443,443,33,29 - 47,B,D,L,6’3”,190,90,2007-03-20,Philip Broberg,Toolsy Fleet of Foot Raw,"A big, mobile defenceman that plays aggressively on both sides of the puck to impose himself every game.",2046,,eliteprospects_pdf,2025-ep-pdf-page-443,Draft25.pdf#page=443
2025-026-ryker-lee,2025,Ryker Lee,456,456,34,29 - 51,B,RW,R,5’11.5”,182,82,2006-11-08,Taller Bobby Brink,Ankle; Breaker; Vision Sniper,A tremendously skilled winger who slices open defences with game-breaking handling and punishes them with his playmaking and heavy one-timer. Everything hinges on skating.,1880,,eliteprospects_pdf,2025-ep-pdf-page-456,Draft25.pdf#page=456
2025-051-william-moore,2025,William Moore,465,465,35,29 - 51,B,LWC,L,6’2.25”,189,79,2007-03-24,Ryan McLeod,Raw Toolsy Brain,"A skillful forward with a quick processor, hard shot, fluid hands, and an ever-improving physical game — middle-six potential, but lots of development remains.",1945,,eliteprospects_pdf,2025-ep-pdf-page-465,Draft25.pdf#page=465
2025-066-nathan-behm,2025,Nathan Behm,478,478,36,29 - 51,B,LW,R,6’1.5”,187,87,2007-04-18,Pavel Dorofeyev,Ankle; Breaker; Evasive Toolsy,An inside-driven winger with game-breaking game and a knack for dominating entire shifts with a lot of runway for growth.,1919,,eliteprospects_pdf,2025-ep-pdf-page-478,Draft25.pdf#page=478
2025-028-sascha-boumedienne,2025,Sascha Boumedienne,485,485,37,30 - 50,B,D,L,6’1”,185,79,2007-01-17,Cam Fowler,Ace; Vision Motor Transition,"An incisive breakout passer who grew in confidence and details throughout the season. Now, he looks capable of filling a two- way role in the NHL.",2183,,eliteprospects_pdf,2025-ep-pdf-page-485,Draft25.pdf#page=485
2025-031-henry-brzustewicz,2025,Henry Brzustewicz,498,498,38,30 - 50,B,D,R,6’1.75”,187,92,2007-02-09,Rasmus Sandin,Fleet of Foot Toolsy,"A high-activity blueliner with a well-rounded toolkit who looks to create on every puck touch, particularly off the rush, but details need refining.",1861,,eliteprospects_pdf,2025-ep-pdf-page-498,Draft25.pdf#page=498
2025-088-kristian-epperson,2025,Kristian Epperson,504,504,39,31 - 51,B,LW,L,5’11.5”,182,83,2006-05-16,Bryan Rust,Fearless Brain Motor,"A fearless, dynamic dual-threat creator with the physicality and intelligence to thrive alongside skilled linemates; the draft’s best re-entry candidate.",2015,,eliteprospects_pdf,2025-ep-pdf-page-504,Draft25.pdf#page=504
2025-074-luca-romano,2025,Luca Romano,513,513,40,31 - 52,B,C,R,5’11.25”,181,80,2007-06-25,Evan Rodrigues,Fleet of Foot Sniper Motor,"A toolsy and detailed do-it-all centre who continued to flash high-end skill as the season progressed, but will need to increase the frequency and efficiency of his play-creation.",1846,,eliteprospects_pdf,2025-ep-pdf-page-513,Draft25.pdf#page=513
2025-063-ben-kevan,2025,Benjamin Kevan,522,522,41,26 - 64,B,RWLW,R,6’0.25”,184,83,2007-01-03,"JJ Peterka, Kasperi Kapanen",Ankle; Breaker; Fleet of Foot Vision,"With one of the draft’s best highlight reels, it’s clear he has the skill, vision, and pace to score in the NHL. But the details and physical game must catch up.",2031,,eliteprospects_pdf,2025-ep-pdf-page-522,Draft25.pdf#page=522
2025-034-alexander-zharovsky,2025,Alexander Zharovsky,533,533,42,34 - 55,B,RW,L,6’1”,185,74,2007-02-22,Andrei Kuzmenko,Ankle Breaker Toolsy Raw,A winger with elite hands and a unique development path makes for a real boom-or-bust type of NHL Draft pick.,2022,,eliteprospects_pdf,2025-ep-pdf-page-533,Draft25.pdf#page=533
2025-069-hayden-paupanekis,2025,Hayden Paupanekis,544,544,43,33 - 65,B,C,R,6’4.25”,194,89,2007-02-04,More Skilled Adam Lowry,Toolsy Versatility Play Killer,"A tough, physical centre with puck skills, mobility, and defensive upside. A little bit more consistency required, but he’s poised for a breakout season.",1804,,eliteprospects_pdf,2025-ep-pdf-page-544,Draft25.pdf#page=544
2025-057-matthew-gard,2025,Matthew Gard,550,550,44,33 - 65,B,C,L,6’4.75”,195,87,2007-04-07,Faster Adam Lowry,Tactician Versatility Toolsy,"A toolsy, defence-first centre with a cerebral style on track for a checking line role in the NHL. Flashes of playmaking and in- motion shooting suggest there’s more upside here, too.",2012,,eliteprospects_pdf,2025-ep-pdf-page-550,Draft25.pdf#page=550
2025-037-milton-gastrin,2025,Milton Gästrin,556,556,45,33 - 65,B,C,L,6’0.5”,184,84,2007-06-02,Teddy Blueger,Motor Versatility,A well-rounded and intelligent two-way centre with strong supporting habits and enough offensive flair as a playmaker to have a chance of becoming a third-line centre in the NHL.,2282,,eliteprospects_pdf,2025-ep-pdf-page-556,Draft25.pdf#page=556
2025-029-mason-west,2025,Mason West,568,568,46,33 - 65,B,CRW,R,6’5.75”,197,94,2007-08-03,Drew O’Connor,,"The top high school prospect in the draft, his 6-foot-6 frame, mobility, and toolsy profile are punctuated by flashes of higher- end skill; an unlimited projection.",0,,eliteprospects_pdf,2025-ep-pdf-page-568,Draft25.pdf#page=568
2025-071-david-bedkowski,2025,David Bedkowski,576,576,47,33 - 65,B,D,R,6’4.5”,194,98,2006-12-07,Niko Mikkola,Hammer; Pest Play Killer; Sledge,"Arguably the most violent player in the class, with the mobility, reach, defensive details, and bloodlust to develop into a tremendous play killer.",1906,,eliteprospects_pdf,2025-ep-pdf-page-576,Draft25.pdf#page=576
2025-012-jack-nesbitt,2025,Jack Nesbitt,582,582,48,33 - 65,B,C,L,6’4.25”,194,84,2007-01-12,Adam Lowry,Tactician Motor Versatility,"An intelligent two-way centre with size, off-puck details, and flashes of high-end skill, but must up the pace and develop more contact skills.",1985,,eliteprospects_pdf,2025-ep-pdf-page-582,Draft25.pdf#page=582
2025-033-haoxi-wang,2025,Haoxi Wang,589,589,49,28 - 75,B,D,L,6’5.5”,197,98,2007-07-27,Alex Vlasic,Fleet of Foot Toolsy Raw,"An enormously gifted skater with massive play-killing potential and flashes of vision. The biggest development project in the draft, but unique potential.",1736,,eliteprospects_pdf,2025-ep-pdf-page-589,Draft25.pdf#page=589
2025-056-ethan-czata,2025,Ethan Czata,597,597,50,40 - 65,B,CRW,L,6’1.25”,186,79,2007-05-29,Kiefer Sherwood,Finisher; Vision Hammer Clinical,"A detailed and extremely physical centre with a finishing touch, but upping the pace will be critical to increasing his three-zone impact.",1762,,eliteprospects_pdf,2025-ep-pdf-page-597,Draft25.pdf#page=597
2025-053-cole-mckinney,2025,Cole McKinney,603,603,51,40 - 65,B,C,R,6’0”,183,91,2007-03-16,Jake Evans,Finisher; Motor Clinical; Versatility,A trustworthy two-way bottom-six centre projection who outworks almost anyone. He’s a capable play-connector and offers a physical net-front presence with scoring threat.,1600,,eliteprospects_pdf,2025-ep-pdf-page-603,Draft25.pdf#page=603
2025-062-ivan-ryabkin,2025,Ivan Ryabkin,612,612,52,40 - 65,B,CLW,L,5’11”,180,91,2007-04-25,"Barrett Hayton, Ridly Greig",Hammer Vision Sniper,"A violent centre who can thread a needle and hammer a puck, he could turn into the ideal third-line pivot so long as his motor and consistent involvement take a step.",2070,,eliteprospects_pdf,2025-ep-pdf-page-612,Draft25.pdf#page=612
2025-055-jakob-ihs-wozniak,2025,Jakob Ihs-Wozniak,632,632,53,40 - 65,B,LWC,R,6’2.25”,189,83,2007-02-01,Brock Boeser,Sniper Vision Tactician,A lanky winger with legitimate dual-threat potential as a shooter and as a distributor; projects as more of a complementary piece due to his lack of pace and limited play-driving.,2343,,eliteprospects_pdf,2025-ep-pdf-page-632,Draft25.pdf#page=632
2025-073-charlie-trethewey,2025,Charlie Trethewey,649,649,54,42 - 68,B,D,R,6’1”,185,91,2007-08-02,Ryan Lindgren,Raw Fleet of Foot,"An excellent skater with physicality, a big shot, and shutdown potential. Puck-moving and reads improved through the season, but more work remains.",1636,,eliteprospects_pdf,2025-ep-pdf-page-649,Draft25.pdf#page=649
2025-042-daniil-prokhorov,2025,Daniil Prokhorov,667,667,56,45 - 70,B,LW,L,6’5”,196,95,2007-04-27,Alexei Toropchenko,Finisher; Freight Train Clinical,"A missile on skates, he’s a violent forward who looks to throw crunching hits, fight to the net, and occasionally snipes off the rush. Sense is the concern.",2309,,eliteprospects_pdf,2025-ep-pdf-page-667,Draft25.pdf#page=667
2025-024-will-horcoff,2025,William Horcoff,676,676,57,45 - 70,B,LWC,L,6’4.75”,195,86,2007-01-23,Mason Marchment,Versatility Tactician,"A rare midseason jump from the NTDP to the NCAA proved to be the right call for this towering, pass-first forward with defensive upside. Skating is the question.",1802,,eliteprospects_pdf,2025-ep-pdf-page-676,Draft25.pdf#page=676
2025-054-theo-stockselius,2025,Theo Stockselius,683,683,58,48 - 70,B,CLW,L,6’2”,188,84,2007-07-24,Jesperi Kotkaniemi,Finisher; Vision Brain Clinical,A big-bodied forward whose intelligence and skill led to elite production in the Swedish junior ranks; needs to improve his skating and pace to make the NHL.,2336,,eliteprospects_pdf,2025-ep-pdf-page-683,Draft25.pdf#page=683
2025-039-peyton-kettles,2025,Peyton Kettles,691,691,59,48 - 70,B,D,R,6’5.25”,196,86,2007-09-01,Joel Edmundson,Play Killer Raw,"A shutdown presence with a condor-like wing span and flashes of skill. Lots of physical development ahead, but he’s one of the draft’s top shutdown options.",1600,,eliteprospects_pdf,2025-ep-pdf-page-691,Draft25.pdf#page=691
2025-045-eric-nilson,2025,Eric Nilson,697,697,60,48 - 70,B,C,R,5’11.5”,182,71,2007-05-11,Jake Evans,Fleet of Foot Motor Play Killer,A fluid-skating two-way centre who drives play in transition and uses his motor as a defensive weapon; can he make his style work in the NHL at his size?,2263,,eliteprospects_pdf,2025-ep-pdf-page-697,Draft25.pdf#page=697
2025-086-tyler-hopkins,2025,Tyler Hopkins,708,708,61,50 - 75,B,C,L,6’1”,185,81,2007-01-23,Lars Eller,Motor Tactician Versatility,"An intelligent, advanced support player who can execute plays at high speeds and play a variety of roles. Flashes of manipulation suggest more offence and skill to be unlocked.",1873,,eliteprospects_pdf,2025-ep-pdf-page-708,Draft25.pdf#page=708
2025-038-carter-amico,2025,Carter Amico,713,713,62,40 - 85,B,D,R,6’5.25”,196,102,2007-03-15,Alex Vlasic,Play Killer Versatility Tactician,"A toolsy right-shot defenceman who started the year as a potential first-round pick with his shutdown game, but reads under pressure and injury history are concerns.",1635,,eliteprospects_pdf,2025-ep-pdf-page-713,Draft25.pdf#page=713
2025-044-eddie-genborg,2025,Eddie Genborg,720,720,63,50 - 75,B,LWRW,L,6’1”,185,81,2007-04-20,Garnet Hathaway,Finisher; Hammer Motor Clinical,"A physical two-way forward with a strong forechecking presence and good finishing instincts around the net. A relatively high floor, but skill could improve.",1950,,eliteprospects_pdf,2025-ep-pdf-page-720,Draft25.pdf#page=720
2025-076-malte-vass,2025,Malte Vass,728,728,64,55 - 78,B,D,L,6’1.75”,187,83,2007-03-28,Ben Chiarot,Play Killer Hammer Toolsy,"A defensive defenceman who kills plays through his physicality and motor; also flashes ability in transition, but needs to refine his puck-moving.",2056,,eliteprospects_pdf,2025-ep-pdf-page-728,Draft25.pdf#page=728
2025-047-alexei-medvedev,2025,Alexei Medvedev,742,742,66,,C,G,L,6’2.25”,189,81,2007-09-10,,,"Smart, athletic goalie that uses his skating and explosiveness as a strength. Not small, but makes himself larger with his positioning.",0,tool_grades_from_vision,eliteprospects_pdf,2025-ep-pdf-page-742,Draft25.pdf#page=742
2025-070-sean-barnhill,2025,Sean Barnhill,745,745,67,,C,D,R,6’4.75”,195,93,2007-01-08,,,"A smooth-skating defenceman who towers over everyone, he excels at stifling rushes and killing plays, and wows every now and then.",1946,,eliteprospects_pdf,2025-ep-pdf-page-745,Draft25.pdf#page=745
2025-126-brandon-gorzynski,2025,Brandon Gorzynski,750,750,68,,C,LW,L,6’1.5”,187,84,2007-03-12,,,"Speed, physicality, and a non-stop motor could make him a menace in the playoffs — and there’s some scoring upside, too.",0,,eliteprospects_pdf,2025-ep-pdf-page-750,Draft25.pdf#page=750
2025-080-mace-o-phillips,2025,Mace’o Phillips,754,754,69,,C,D,L,6’5.75”,197,103,2007-02-25,,,"A huge blueline presence with crushing hits, he brings a unique level of physicality. Continued growth in details and skill is required.",1709,,eliteprospects_pdf,2025-ep-pdf-page-754,Draft25.pdf#page=754
2025-151-everett-baldwin,2025,Everett Baldwin,761,761,70,,C,D,R,5’11.25”,181,78,2007-01-15,,,"Dynamic tools, confidence, aggressive puck rushing, and near- constant advantage creation make him one of the premier prep offensive defenders.",2641,,eliteprospects_pdf,2025-ep-pdf-page-761,Draft25.pdf#page=761
2025-079-cooper-simpson,2025,Cooper Simpson,765,765,71,,C,LW,L,6’0”,183,82,2007-02-05,,,"His diverse release, dynamic handles, and heightened pace led to 49 goals this season, the most in the Minnesota high school circuit. Equally dangerous at the USHL level.",0,,eliteprospects_pdf,2025-ep-pdf-page-765,Draft25.pdf#page=765
2025-188-edison-engle,2025,Edison Engle,770,770,72,,C,D,L,6’1.5”,187,78,2007-02-15,,,"A terrific skater with a game built off modern principles, he efficiently moves pucks, creates offence, and diffuses rushes. Next up: Another layer of physicality and skill.",2098,,eliteprospects_pdf,2025-ep-pdf-page-770,Draft25.pdf#page=770
2025-113-l-j-mooney,2025,L.J. Mooney,776,776,73,,C,CRW,R,5’7”,170,73,2007-03-08,,,"A tiny yet physical winger with dynamic skating and handling, he has the tools to play in the NHL at his size — but he must develop his reads and playmaking further.",2012,,eliteprospects_pdf,2025-ep-pdf-page-776,Draft25.pdf#page=776
2025-041-semyon-frolov,2025,Semyon Frolov75,789,789,75,,C,G,L,6’3”,190,92,2007-01-17,,,Strong puck-tracking goalie and an elite athlete that makes up for some technical flaws with his other strengths.,1570,tool_grades_from_vision,eliteprospects_pdf,2025-ep-pdf-page-789,Draft25.pdf#page=789
2025-221-filip-ekberg,2025,Filip Ekberg,791,791,76,,C,LW,L,5’9.75”,177,75,2007-04-14,,,A high-IQ dual-threat scorer with a strong work rate who exploded offensively after a late-season top-line promotion in the OHL and enjoyed a record-setting U18s.,0,,eliteprospects_pdf,2025-ep-pdf-page-791,Draft25.pdf#page=791
2025-117-david-lewandowski,2025,David Lewandowski,799,799,77,,C,LW,L,6’1.25”,186,80,2007-02-20,,,"A dominant puck protector who throws reverse hits and bulldozes contact. Skating is a concern, but he flashes open-ice scoring ability and power forward elements.",2211,,eliteprospects_pdf,2025-ep-pdf-page-799,Draft25.pdf#page=799
2025-020-pyotr-andreyanov,2025,Pyotr Andreyanov79,811,811,79,,C,G,L,6’0”,183,94,2007-01-22,,,"Athletic, aggressive goalie that consistently finds his game in big moments.",1396,tool_grades_from_vision,eliteprospects_pdf,2025-ep-pdf-page-811,Draft25.pdf#page=811
2025-156-viktor-klingsell,2025,Viktor Klingsell,813,813,80,,C,LWRW,L,5’9.5”,177,85,2007-02-10,,,An undersized yet highly skilled offensive winger whose vision is among the best in the draft; NHL upside could be limited due to lack of physicality and pace.,2259,,eliteprospects_pdf,2025-ep-pdf-page-813,Draft25.pdf#page=813
2025-160-owen-griffin,2025,Owen Griffin,824,824,81,,C,C,R,5’9.75”,177,73,2007-04-08,,,"An undersized defensive centre who flew under the radar until the playoffs, where he unlocked clutch goalscoring ability through a combination of hard skill and smarts.",0,,eliteprospects_pdf,2025-ep-pdf-page-824,Draft25.pdf#page=824
2025-091-brady-peddle,2025,Brady Peddle,829,829,82,,C,D,L,6’2.75”,190,87,2007-05-23,,,"A good mover who angles rushers to the outside, protects the middle at all costs, and kills plays efficiently, layering his stick and body. Upside is the question.",0,,eliteprospects_pdf,2025-ep-pdf-page-829,Draft25.pdf#page=829
2025-183-viggo-nordlund,2025,Viggo Nordlund,833,833,83,,C,LW,L,5’9”,175,76,2006-09-22,,,A diminutive yet highly skilled winger with dynamic offensive abilities; one of the more exciting boom-or-bust prospects in the draft.,2319,,eliteprospects_pdf,2025-ep-pdf-page-833,Draft25.pdf#page=833
2025-121-lirim-amidovski,2025,Lirim Amidovski,845,845,84,,C,RW,R,6’0.75”,185,82,2006-12-22,,,"A missile on skates, he impacts the game through non-stop movement, speed, and physicality. Though he has the ideas, the skill can’t keep up — yet.",2052,,eliteprospects_pdf,2025-ep-pdf-page-845,Draft25.pdf#page=845
2025-095-teddy-mutryn,2025,Teddy Mutryn,851,851,85,,C,RW,R,6’0.75”,185,94,2007-02-16,,,"A physical winger with a heavy release and playmaking flashes, he looks like a future bottom-six winger who steps it up in the playoffs — provided the skill takes a step.",1684,,eliteprospects_pdf,2025-ep-pdf-page-851,Draft25.pdf#page=851
2025-129-shamar-moses,2025,Shamar Moses,855,855,86,,C,RW,R,6’1”,185,91,2007-05-06,,,"A deceptive, physical winger with and impressive flashes of puck skills, but future upside hinges on further skating and pace development.",1916,,eliteprospects_pdf,2025-ep-pdf-page-855,Draft25.pdf#page=855
2025-097-lucas-beckman,2025,Lucas Beckman,865,865,88,,C,G,L,6’1.5”,187,83,2007-08-23,,,Strong-skating goalie who uses his edges well to remain in position and track plays. A bit of calm added to his game will go a long way.,0,tool_grades_from_vision,eliteprospects_pdf,2025-ep-pdf-page-865,Draft25.pdf#page=865
2025-125-jimmy-lombardi,2025,Jimmy Lombardi,872,872,90,,C,C,L,6’0”,183,79,2007-02-16,,,"A high-skill centre with play-driving potential and defensive details, but must up the pace and improve creation frequency to make it.",0,,eliteprospects_pdf,2025-ep-pdf-page-872,Draft25.pdf#page=872
2025-148-quinn-beauchesne,2025,Quinn Beauchesne,877,877,91,,C,D,R,6’0”,183,84,2007-03-01,,,"A high-end skater and active defender with shutdown potential and quality tools, but handling mistakes and turnovers under pressure can limit his effectiveness.",0,,eliteprospects_pdf,2025-ep-pdf-page-877,Draft25.pdf#page=877
2025-122-alex-huang,2025,Alex Huang,883,883,92,,C,D,R,6’0”,183,77,2007-07-30,,,"An incredibly mobile defenceman who defends the middle and creates from the point. Raw, but his tools are worth betting on.",0,,eliteprospects_pdf,2025-ep-pdf-page-883,Draft25.pdf#page=883
2025-061-liam-pettersson,2025,Liam Pettersson,897,897,94,,C,D,L,6’2”,188,77,2007-01-04,,,"A lanky puck-moving defenceman with strong transition results and a projectable set of feet. Possesses intriguing upside, but remains raw and needs to tighten things up defensively.",0,,eliteprospects_pdf,2025-ep-pdf-page-897,Draft25.pdf#page=897
2025-081-bryce-pickford,2025,Bryce Pickford,901,901,95,,C,D,R,6’0.25”,184,86,2006-04-02,,,"Detailed defenceman turned goalscoring phenom, he’s one of the draft’s feel-good stories. He has the shot, but can he develop the rest?",0,,eliteprospects_pdf,2025-ep-pdf-page-901,Draft25.pdf#page=901
2025-168-anthony-allain-samake,2025,Anthony Allain-Samaké,904,904,96,,C,D,L,6’1.75”,187,83,2007-09-10,,,"A strong skater and frequent activator, the points didn’t come close to representing his offensive threat. A boom candidate who could become a bottom-pair guy built for the modern game.",0,,eliteprospects_pdf,2025-ep-pdf-page-904,Draft25.pdf#page=904
2025-072-noah-read,2025,Noah Read,909,909,97,,C,LW,L,6’0”,183,77,2007-01-06,,,"An intelligent, detailed, and high-speed transition player who didn’t get many opportunities to showcase his puck skill, but has huge breakout potential in a larger role next season.",0,,eliteprospects_pdf,2025-ep-pdf-page-909,Draft25.pdf#page=909
2025-112-mads-kongsbak-klyvo,2025,Mads Kongsbak Klyvø,913,913,98,,C,LWRW,L,6’2”,188,88,2007-05-03,,,"A toolsy, above-average-skating two-way winger who shows finesse in transition; could have more untapped offensive upside based on his late-season performances.",0,,eliteprospects_pdf,2025-ep-pdf-page-913,Draft25.pdf#page=913
2025-134-maxim-agafonov,2025,Maxim Agafonov,917,917,99,,C,D,R,6’2”,188,90,2007-04-10,,,A right-shot that can be relied upon to transport the puck up the ice and fill any role capably.,2027,,eliteprospects_pdf,2025-ep-pdf-page-917,Draft25.pdf#page=917
2025-152-petteri-rimpinen,2025,Petteri Rimpinen,923,923,100,,C,G,L,5’11”,180,79,2006-04-25,,,A World Juniors star who was passed over last year; posted some of the strongest results among all Liiga starters this season,0,tool_grades_from_vision,eliteprospects_pdf,2025-ep-pdf-page-923,Draft25.pdf#page=923
2025-092-owen-martin,2025,Owen Martin,925,925,101,,C,C,L,5’11.75”,182,84,2007-05-11,,,"This late-season riser combines a detailed defensive game with transition and playmaking skill. If the tools takes a step, he could surprise.",1449,,eliteprospects_pdf,2025-ep-pdf-page-925,Draft25.pdf#page=925
2025-102-adam-benak,2025,Adam Benák,929,929,102,,C,RWC,L,5’7.25”,171,73,2007-04-10,,,"With unmatched work rate, precision passing, and a lengthy résumé, he’s one of the draft’s most well-known players. A workhorse, but will have to find another level.",1834,,eliteprospects_pdf,2025-ep-pdf-page-929,Draft25.pdf#page=929
2025-153-harry-nansi,2025,Harry Nansi,941,941,103,,C,RW,R,6’2.75”,190,84,2007-09-10,,,"A slick playmaker who pushes the pace of play and blends physicality with high-end handling flashes. An extremely raw, but exciting project.",1579,,eliteprospects_pdf,2025-ep-pdf-page-941,Draft25.pdf#page=941
2025-177-carlos-handel,2025,Carlos Händel,946,946,104,,C,D,R,6’0.5”,184,78,2007-03-31,,,"A smooth-skating blueliner whose composure on-puck makes him an asset in transition. Lots of defensive growth this season, but needs to add more pace and urgency.",1444,,eliteprospects_pdf,2025-ep-pdf-page-946,Draft25.pdf#page=946
2025-171-evan-passmore,2025,Evan Passmore,957,957,106,,C,D,R,6’4.75”,195,95,2006-12-05,,,"A highly aggressive rush defender who leverages his size, physicality, and mobility to get early stops in transition. A potential breakout candidate with more minutes and a larger role.",1211,,eliteprospects_pdf,2025-ep-pdf-page-957,Draft25.pdf#page=957
2025-132-max-westergard,2025,Max Westergård,968,968,108,,C,RWLW,L,5’10”,178,72,2007-09-03,,,A productive two-way winger whose offence flows through his off-puck instincts and ability to anticipate; had a promising late- season stint in the SHL where he showed more pace.,2317,,eliteprospects_pdf,2025-ep-pdf-page-968,Draft25.pdf#page=968
2025-058-jack-ivankovic,2025,Jack Ivankovic,975,975,109,,C,G,L,5’11”,180,81,2007-05-22,,,"A game-stealing, undersized goalie with a lengthy international résumé, he could significantly outperform his draft position – with a bit of growth.",0,tool_grades_from_vision,eliteprospects_pdf,2025-ep-pdf-page-975,Draft25.pdf#page=975
2025-060-lasse-boelius,2025,Lasse Boelius,982,982,110,,C,D,L,5’11.75”,182,81,2007-03-16,,,A mobile and quick defenceman who led the way for Finland offensively during international play; vision and two-way output need to improve.,2443,,eliteprospects_pdf,2025-ep-pdf-page-982,Draft25.pdf#page=982
2025-065-kieren-dervin,2025,Kieren Dervin,989,989,111,,C,C,L,6’1”,185,83,2007-03-31,,,"His NHL-ready frame, straight-line driving, and supporting qualities only make up part of his mature game. A dedicated two- way centre profile who easily meshes with others.",0,,eliteprospects_pdf,2025-ep-pdf-page-989,Draft25.pdf#page=989
2025-130-ryan-miller,2025,Ryan Miller,992,992,112,,C,LW,L,5’11.75”,182,80,2007-05-03,,,"An industrious, direct forward with a highly nuanced physical game and flashes of high-end playmaking.",0,,eliteprospects_pdf,2025-ep-pdf-page-992,Draft25.pdf#page=992
2025-059-vojtech-cihar,2025,Vojtěch Čihař,995,995,113,,C,LWC,L,6’0”,183,79,2007-03-29,,,"A relentless winger with speed and a tenacious style. He gets to the net and creates turnovers, but upside might be limited.",2253,,eliteprospects_pdf,2025-ep-pdf-page-995,Draft25.pdf#page=995
2025-223-aidan-park,2025,Aidan Park,1003,1003,114,,C,C,R,6’1”,185,85,2006-01-06,,,"A clever centre with a never-say-die motor and polished defensive habits, Park has the makings of a bottom-six centre if he improves his skating and handling at speed.",0,,eliteprospects_pdf,2025-ep-pdf-page-1003,Draft25.pdf#page=1003
2025-165-kirill-yemelyanov,2025,Kirill Yemelyanov,1014,1014,116,,C,C,L,6’0.25”,184,77,2007-01-08,,,A reliable centre who possesses a strong motor and advanced defensive habits making him an easy bottom-six projection.,0,,eliteprospects_pdf,2025-ep-pdf-page-1014,Draft25.pdf#page=1014
2025-135-noah-laberge,2025,Noah Laberge,1019,1019,117,,C,D,L,6’0.25”,184,85,2006-10-09,,,An intelligent and mobile blueliner who specializes in suppressing opposing rushes. Has the foundation to become a bottom-pair defender if the physical tools improve.,1734,,eliteprospects_pdf,2025-ep-pdf-page-1019,Draft25.pdf#page=1019
2025-052-theodor-hallquisth,2025,Theodor Hallquisth,1022,1022,118,,C,D,R,6’1”,185,78,2007-06-14,,,A puck-moving defenceman who generates offence through his activations and possesses a projectable release; needs to improve his skating to realistically make it in the NHL.,2226,,eliteprospects_pdf,2025-ep-pdf-page-1022,Draft25.pdf#page=1022
2025-163-daniel-nieminen,2025,Daniel Nieminen,1040,1040,121,,C,D,L,6’0”,183,85,2006-03-01,,,A fabulous skater who earned a big role in Liiga as a 18-year-old after getting passed on last year; could be due for an even bigger breakout next year.,0,,eliteprospects_pdf,2025-ep-pdf-page-1040,Draft25.pdf#page=1040
2025-087-roman-bausov,2025,Roman Bausov,1047,1047,122,,C,D,R,6’5”,196,81,2007-04-28,,,"A lanky, right-shot defenceman who is a certified play killer already, but will need to fill out his frame.",1864,,eliteprospects_pdf,2025-ep-pdf-page-1047,Draft25.pdf#page=1047
2025-083-tommy-lafreniere,2025,Tommy Lafrenière,1056,1056,124,,C,RWC,R,5’11”,180,78,2007-01-16,,,"A detailed, net-driving multi-position forward with an endless motor. Skill is the question, but he takes no shifts off.",0,,eliteprospects_pdf,2025-ep-pdf-page-1056,Draft25.pdf#page=1056
2025-164-nathan-quinn,2025,Nathan Quinn,1059,1059,125,,C,C,R,5’11”,180,76,2007-08-29,,,"A highly cerebral forward who excels in small-ice scenarios. The physical tools will need to come, but if they do, he’ll be a versatile third-line centre.",1725,,eliteprospects_pdf,2025-ep-pdf-page-1059,Draft25.pdf#page=1059
2025-205-karl-annborn,2025,Karl Annborn,1065,1065,126,,C,D,R,6’1”,185,85,2007-03-06,,,"A well-rounded, mature defenceman who contributes on both ends of the rink. His jack-of-all-trades status could give him bottom-pairing upside in the NHL.",1929,,eliteprospects_pdf,2025-ep-pdf-page-1065,Draft25.pdf#page=1065
2025-085-mateo-nobert,2025,Mateo Nobert,1070,1070,127,,C,C,L,6’0”,183,75,2007-08-12,,,"An intelligent forward who excels at short-range passing. Better physical skills would compensate for his lack of size and speed, and could make him a bottom-six centre.",1373,,eliteprospects_pdf,2025-ep-pdf-page-1070,Draft25.pdf#page=1070
2025-181-bruno-idzan,2025,Bruno Idžan,1075,1075,128,,C,LW,L,6’1”,185,88,2006-01-16,,,A midseason move from Croatia to the USHL changed this re- entry’s trajectory. A credible off-puck scorer with flashes of advanced checking skills.,0,,eliteprospects_pdf,2025-ep-pdf-page-1075,Draft25.pdf#page=1075
2025-106-tomas-poletin,2025,Tomáš Poletín,1090,1090,130,,C,LW,L,6’1.25”,186,91,2007-04-30,,,A versatile two-way winger with projectable habits and bottom- six NHL upside; played his best hockey of the season in international competition.,0,,eliteprospects_pdf,2025-ep-pdf-page-1090,Draft25.pdf#page=1090
2025-154-jordan-charron,2025,Jordan Charron,1099,1099,132,,C,RW,R,6’1”,185,85,2007-06-21,,,"A highly energetic, physical, and strong-skating winger who pushes the pace of play and flashes dynamic elements, but generating chances consistently is the next step.",0,,eliteprospects_pdf,2025-ep-pdf-page-1099,Draft25.pdf#page=1099
2025-140-nikita-tyurin,2025,Nikita Tyurin,1102,1102,133,,C,D,L,6’0”,183,79,2007-07-02,,,A puck-moving defender who has shown tool improvements all year to earn an important role on a championship contender.,0,,eliteprospects_pdf,2025-ep-pdf-page-1102,Draft25.pdf#page=1102
2025-114-gustav-hillstrom,2025,Gustav Hillström,1106,1106,134,,C,C,R,6’1.5”,187,79,2007-01-20,,,"A big-bodied forward with a projectable motor, decent feet, and intriguing physical game. The lack of higher-end offensive skill limit the upside.",2257,,eliteprospects_pdf,2025-ep-pdf-page-1106,Draft25.pdf#page=1106
2025-103-matous-kucharcik,2025,Matouš Kucharčík,1111,1111,135,,C,C,,,,,,,,"A tall, mobile forward with flashy puck skills and defensive intensity. Turning moments of dynamic ability into gamely staples could make him a breakout prospect.",0,missing_birth_date; missing_height_cm; missing_weight_kg,eliteprospects_pdf,2025-ep-pdf-page-1111,Draft25.pdf#page=1111
2025-161-david-rozsival,2025,David Rozsíval,1126,1126,,,C,LWRW,L,5’11”,180,69,2007-07-01,,,"A hard-working puck-protecting winger with a knack for keeping the cycle going. Brings some two-way value, but skill might be limiting.",1631,,eliteprospects_pdf,2025-ep-pdf-page-1126,Draft25.pdf#page=1126
2025-108-benjamin-rautiainen,2025,Benjamin Rautiainen,1141,1141,,,C,LW,L,6’0”,183,79,2005-06-12,,,"A skilled, offensively-minded winger who had a notable breakout season in Liiga as an re-entry; a good showing at the World Juniors also helped to raise his draft stock.",2104,,eliteprospects_pdf,2025-ep-pdf-page-1141,Draft25.pdf#page=1141
2025-158-mans-goos,2025,Måns Goos,1148,1148,,,,G,L,6’5”,196,86,2007-05-05,,,Raw potential in an NHL-sized body.,1296,tool_grades_from_vision,eliteprospects_pdf,2025-ep-pdf-page-1148,Draft25.pdf#page=1148
2025-179-love-harenstam,2025,Love Härenstam,1149,1149,,,,G,L,6’1.25”,186,86,2007-01-18,,,Swedish starter at U18s who is athletic.,1034,tool_grades_from_vision,eliteprospects_pdf,2025-ep-pdf-page-1149,Draft25.pdf#page=1149
2025-116-samuel-meloche,2025,Samuel Meloche,1150,1150,,,,G,L,6’2”,188,86,2007-07-22,,,Strong QMJHL playoff goalie that handles pucks better than most.,845,tool_grades_from_vision,eliteprospects_pdf,2025-ep-pdf-page-1150,Draft25.pdf#page=1150
2025-075-michal-pradel,2025,Michal Pradel,1152,1152,,,,G,L,6’4.25”,194,88,2007-03-10,,,One of the most impressive goalies in the second half of the season after moving to USHL.,1151,tool_grades_from_vision,eliteprospects_pdf,2025-ep-pdf-page-1152,Draft25.pdf#page=1152
2025-220-jacob-cloutier,2025,Jacob Cloutier,1159,1159,,,C,RW,R,5’10”,178,78,2007-03-22,,,"A fearless workhorse who attacks with energy, physicality, and thrives in transition; turning his deceptive playmaking flashes into more consistent chances will be key.",1552,,eliteprospects_pdf,2025-ep-pdf-page-1159,Draft25.pdf#page=1159
2025-159-emile-guite,2025,Émile Guité,1204,1204,,,C,LW,L,6’1.25”,186,80,2007-05-31,,,"2024’s QMJHL Rookie of the Year owns a phenomenal release and some impressive handling, but his reason marked a significant step back.",1607,,eliteprospects_pdf,2025-ep-pdf-page-1204,Draft25.pdf#page=1204
2025-068-will-reynolds,2025,Will Reynolds,1218,1218,,,C,D,L,6’3”,190,83,2007-08-11,,,"A straightforward shutdown defenceman who hits hard, blocks shots, and defends the house. Could develop into a third-pair insulator.",1297,,eliteprospects_pdf,2025-ep-pdf-page-1218,Draft25.pdf#page=1218
2025-115-ilyas-magomedsultanov,2025,Ilyas Magomedsultanov,1234,1234,,,C,D,L,6’2”,188,80,2006-10-24,,,A physically assertive defenceman whose game revolves around his mobility and aggressiveness on defence.,1549,,eliteprospects_pdf,2025-ep-pdf-page-1234,Draft25.pdf#page=1234
2025-192-arvid-drott,2025,Arvid Drott,1251,1251,,,C,RW,R,5’11.75”,182,83,2007-08-11,,,"An explosive winger with projectable straight-line speed and a direct, shoot-first mentality; produced well on a good team, but lacks higher-end offensive instincts and playmaking touch.",2117,,eliteprospects_pdf,2025-ep-pdf-page-1251,Draft25.pdf#page=1251
2025-203-felix-farhammar,2025,Felix Färhammar,1257,1257,,,C,D,L,6’1”,185,84,2007-04-11,,,"An active two-way defenceman with puck-moving ability and a physical edge; lacks a true standout element, but his well- roundedness will serve him well in the professional ranks.",2072,,eliteprospects_pdf,2025-ep-pdf-page-1257,Draft25.pdf#page=1257
2025-118-linus-funck,2025,Linus Funck,1261,1261,,,C,D,R,6’3”,190,83,2007-05-10,,,A lanky defenceman who posted strong defensive results at the J20 level while also flashing upside as a playmaker; lacks pace and consistency as a puck-mover.,1979,,eliteprospects_pdf,2025-ep-pdf-page-1261,Draft25.pdf#page=1261
2025-139-zeb-lindgren,2025,Zeb Lindgren,1265,1265,,,C,D,L,6’1”,185,88,2007-04-14,,,A mobile defenceman with projectable physical tools and intriguing puck-moving flashes; limited output concerns.,2274,,eliteprospects_pdf,2025-ep-pdf-page-1265,Draft25.pdf#page=1265
2025-195-melvin-novotny,2025,Melvin Novotny,1270,1270,,,C,LW,L,6’1”,185,85,2007-04-03,,,"A crafty, skilled, offensively-minded winger who generates chances through his smarts; skating needs to improve.",2289,,eliteprospects_pdf,2025-ep-pdf-page-1270,Draft25.pdf#page=1270
2025-131-asher-barnett,2025,Asher Barnett,1278,1278,,,C,D,L,6’0.5”,184,90,2007-05-16,,,"The NTDP captain uses controlled footwork and clever timing to force plays to the outside. A stabilizing presence, but will have to add a special element.",1233,,eliteprospects_pdf,2025-ep-pdf-page-1278,Draft25.pdf#page=1278
2025-137-william-belle,2025,William Belle,1282,1282,,,C,RW,R,6’3.25”,191,99,2007-01-14,,,"A powerful winger with a strong motor, he could be a menace on the forecheck with improved timing and speed.",1103,,eliteprospects_pdf,2025-ep-pdf-page-1282,Draft25.pdf#page=1282
2025-050-conrad-fondrk,2025,Conrad Fondrk,1287,1287,,,C,CLW,L,5’11.75”,182,88,2007-06-01,,,"A skilled forward with an NHL-calibre shot, an arsenal of passing skills, and plenty of moves, but his physicality, pace, and inside play must improve.",1317,,eliteprospects_pdf,2025-ep-pdf-page-1287,Draft25.pdf#page=1287
2025-207-matthew-lansing,2025,Matthew Lansing,1292,1292,,,C,CLW,L,6’0”,183,85,2007-02-24,,,"A fluid and mechanically consistent skater, he offers two-way engagement, off-puck support, and flashes of playmaking ability. Inconsistent skill could limit his upside.",1180,,eliteprospects_pdf,2025-ep-pdf-page-1292,Draft25.pdf#page=1292
2025-138-sam-laurila,2025,Sam Laurila,1295,1295,,,C,D,L,6’0.75”,185,85,2006-09-02,,,"A puck-mover with a play-killing streak, he tilted the ice in Fargo’s favour every time he stepped out this year. He’s among the youngest re-entries and USHL’s most-improved players.",1205,,eliteprospects_pdf,2025-ep-pdf-page-1295,Draft25.pdf#page=1295
2025-090-mason-moe,2025,Mason Moe,1299,1299,,,C,CLW,L,6’1.25”,186,84,2007-03-26,,,"An adaptable, multi-position forward, he complements more skilled linemates with his details and improving physicality.",1076,,eliteprospects_pdf,2025-ep-pdf-page-1299,Draft25.pdf#page=1299
2025-219-ryan-rucinski,2025,Ryan Rucinski,1306,1306,,,C,C,R,5’9.75”,177,80,2006-12-01,,,"A net-front-scoring and draw-winning forward who punches above his weight class. Not dynamic, but could be dynamite in the NCAA.",1266,,eliteprospects_pdf,2025-ep-pdf-page-1306,Draft25.pdf#page=1306
2025-101-drew-schock,2025,Drew Schock,1309,1309,,,C,D,L,5’11.25”,181,82,2007-02-07,,,"A smooth skater with great edges and strong agility, he has a standout NHL tool. The playmaking is improving, too. But the physicality will have to take a step.",1340,,eliteprospects_pdf,2025-ep-pdf-page-1309,Draft25.pdf#page=1309
2025-167-ashton-schultz,2025,Ashton Schultz,1313,1313,,,C,CW,R,5’11”,180,82,2006-10-03,,,"An intelligent two-way centre with impressive details. Skill comes and goes, but he could fill a bottom-six role with added intensity and playmaking.",1556,,eliteprospects_pdf,2025-ep-pdf-page-1313,Draft25.pdf#page=1313
2025-144-ethan-wyttenbach,2025,Ethan Wyttenbach,1322,1322,,,C,RWLW,R,5’9.25”,176,82,2007-02-10,,,"An intelligent and adaptable two-way winger, he has NHL- calibre playmaking, details, and skills. It all hinges on skating and physicality growth.",1556,,eliteprospects_pdf,2025-ep-pdf-page-1322,Draft25.pdf#page=1322
2025-216-william-sharpe,2025,Will Sharpe,1332,1332,,,C,D,L,6’0”,183,88,2007-03-07,,,"A do-it-all defenceman with mobility and vision. The lack of a standout trait might limit the upside, but he flashes more.",1141,,eliteprospects_pdf,2025-ep-pdf-page-1332,Draft25.pdf#page=1332
2025-078-stepan-hoch,2025,Štěpán Hoch,1343,1343,,,D,LWC,L,6’3”,190,77,2006-10-11,,,"A responsible Czech centre with details, energy, and the reach to steal pucks and intercept passes. Finding another gear as skater will be gear.",1652,,eliteprospects_pdf,2025-ep-pdf-page-1343,Draft25.pdf#page=1343
2025-096-maxim-schafer,2025,Maxim Schäfer,1349,1349,,,D,LWRW,L,6’4”,193,85,2007-05-17,,,"An aggressive forechecking winger who delivers checks along the boards and has a strong net-front presence. With some development as a skater and handler, he could be a depth option.",1550,,eliteprospects_pdf,2025-ep-pdf-page-1349,Draft25.pdf#page=1349
2025-184-jan-chovan,2025,Ján Chovan,1352,1352,,,D,CRW,L,6’2”,188,84,2007-01-09,,,A big-bodied centre with a detail-oriented play style; played his best hockey of the season during international competition.,2287,,eliteprospects_pdf,2025-ep-pdf-page-1352,Draft25.pdf#page=1352
2025-099-trenten-bennett,2025,Trenten Bennett,1373,1373,,,,G,L,6’6”,198,79,2006-04-01,,,The most imposing-looking goalie in the draft.,1082,tool_grades_from_vision,eliteprospects_pdf,2025-ep-pdf-page-1373,Draft25.pdf#page=1373
2025-145-alexis-cournoyer,2025,Alexis Cournoyer,1375,1375,,,,G,L,6’4”,193,93,2005-12-13,,,Late-rising goalie with fun back story that uses size to his advantage.,1367,tool_grades_from_vision,eliteprospects_pdf,2025-ep-pdf-page-1375,Draft25.pdf#page=1375
2025-084-gabriel-d-aigle,2025,Gabriel D’Aigle,1376,1376,,,,G,L,6’3.5”,192,96,2006-11-21,,,"Strong pedigree and history, controls rebounds well.",1347,tool_grades_from_vision,eliteprospects_pdf,2025-ep-pdf-page-1376,Draft25.pdf#page=1376
2025-170-burke-hood,2025,Burke Hood,1379,1379,,,,G,L,6’2.75”,190,89,2007-04-30,,,Big battler in the crease that relies on athleticism.,1168,tool_grades_from_vision,eliteprospects_pdf,2025-ep-pdf-page-1379,Draft25.pdf#page=1379
2025-104-elijah-neuenschwander,2025,Elijah Neuenschwander,1385,1385,,,,G,L,6’4”,193,83,2006-10-17,,,"If you ignore his national team games, he could be a fit for you.",1141,tool_grades_from_vision,eliteprospects_pdf,2025-ep-pdf-page-1385,Draft25.pdf#page=1385
2025-082-arseni-radkov,2025,Arseni Radkov,1389,1389,,,,G,L,6’3”,190,90,2007-08-05,,,"Wildcard amongst the goalie class, explosive and one of younger players.",1266,tool_grades_from_vision,eliteprospects_pdf,2025-ep-pdf-page-1389,Draft25.pdf#page=1389
2025-142-ivan-tkach-tkachenko,2025,Ivan Tkach-Tkachenko,1390,1390,,,,G,L,6’3”,190,84,2007-05-30,,,A proven starter already at MHL level who can handle heavy workload.,1156,tool_grades_from_vision,eliteprospects_pdf,2025-ep-pdf-page-1390,Draft25.pdf#page=1390
2025-213-andrei-trofimov,2025,Andrei Trofimov,1391,1391,,,,G,L,6’3”,190,80,2006-07-20,,,"Strong, technically-sound Russian goalie.",895,tool_grades_from_vision,eliteprospects_pdf,2025-ep-pdf-page-1391,Draft25.pdf#page=1391
2025-204-grayden-robertson-palmer,2025,Grayden Robertson-Palmer,1400,1400,,,D,C,L,5’11”,180,89,2007-08-29,,,"His relentless motor drives his game, made better by his physical profile, unrelenting pace and deft playmaking",1933,,eliteprospects_pdf,2025-ep-pdf-page-1400,Draft25.pdf#page=1400
2025-093-blake-vanek,2025,Blake Vanek,1402,1402,,,D,RW,R,6’3”,190,90,2007-08-16,,,"Hulking frame, strength, and a goalscorer’s touch highlight his game. He’s more raw than refined, but the upside is palpable.",1860,,eliteprospects_pdf,2025-ep-pdf-page-1402,Draft25.pdf#page=1402
2025-201-kale-dach,2025,Kale Dach,1407,1407,,,D,C,L,5’10”,178,75,2007-02-15,,,"The BCHL’s best distributor, his vision, supporting habits, and physical runway are a laundry list of positives surrounding his profile.",1986,,eliteprospects_pdf,2025-ep-pdf-page-1407,Draft25.pdf#page=1407
2025-049-charlie-cerrato,2025,Charlie Cerrato,1410,1410,,,D,C,L,6’0”,183,86,2005-03-10,,,One of the NCAA’s top-scoring first-year players after a late- season tear — perhaps third’s time a charm for this NTDP alum.,1234,,eliteprospects_pdf,2025-ep-pdf-page-1410,Draft25.pdf#page=1410
2025-133-cole-chandler,2025,Cole Chandler,1440,1440,,,D,CLW,L,6’1.5”,187,80,2007-05-01,,,"Primarily a defence-first forward, but his flashes of higher-level playmaking and skill left us wondering about his upside.",1321,,eliteprospects_pdf,2025-ep-pdf-page-1440,Draft25.pdf#page=1440
2025-136-alexis-mathieu,2025,Alexis Mathieu,1457,1457,,,D,D,L,6’3.25”,191,89,2007-05-25,,,"A hard-nosed defenceman with a good skating foundation. Fairly limited on-puck, but could-become a third-pair shutdown defenceman with improved reads.",1213,,eliteprospects_pdf,2025-ep-pdf-page-1457,Draft25.pdf#page=1457
2025-147-mikhail-fyodorov,2025,Mikhail Fyodorov,1464,1464,,,D,RWLW,L,5’11”,180,69,2006-12-01,,,"A winger with a strong shot that looks to use a mix of skating, handling, and pure determination to gain chances.",1698,,eliteprospects_pdf,2025-ep-pdf-page-1464,Draft25.pdf#page=1464
2025-089-artyom-gonchar,2025,Artyom Gonchar,1473,1473,,,D,D,L,6’0”,183,70,2006-10-25,,,"An interesting profile limited by size, he gained the trust of his team with his reliability on both ends of the puck.",1441,,eliteprospects_pdf,2025-ep-pdf-page-1473,Draft25.pdf#page=1473
2025-180-aron-dahlqvist,2025,Aron Dahlqvist,1494,1494,,,D,D,L,6’3”,190,92,2007-02-22,,,A tall defensive defenceman with a notable physical flair to his game; needs to improve his handling and puck-moving in transition to be able to play his game at the next level.,1505,,eliteprospects_pdf,2025-ep-pdf-page-1494,Draft25.pdf#page=1494
2025-111-mikkel-eriksen,2025,Mikkel Eriksen,1497,1497,,,D,C,L,5’11”,180,82,2007-09-13,,,"A skilled, offensively-minded centre who creates in opportunistic ways and has dual-threat qualities; lack of size, physicality, and lower pace of play limit the NHL upside.",1888,,eliteprospects_pdf,2025-ep-pdf-page-1497,Draft25.pdf#page=1497
2025-064-tinus-luc-koblar,2025,Tinus Luc Koblar,1503,1503,,,D,C,L,6’3”,190,80,2007-07-21,,,"A big-bodied yet raw forward with good mechanical base and intriguing offensive flashes; could have more untapped potential, but there’s also a lot of uncertainty around the projection.",1982,,eliteprospects_pdf,2025-ep-pdf-page-1503,Draft25.pdf#page=1503
2025-155-jackson-crowder,2025,Jackson Crowder,1533,1533,,,D,,,,,,,,,"A checking forward with physicality and flashes of skill, he could surprise as he develops his skating more.",1315,missing_birth_date; missing_height_cm; missing_weight_kg; missing_position,eliteprospects_pdf,2025-ep-pdf-page-1533,Draft25.pdf#page=1533
2025-210-richard-gallant,2025,Richard Gallant,1536,1536,,,D,LW,L,5’8”,173,77,2007-06-12,,,"A hard-working winger who was among the NTDP’s top scorers, he excels at give-and-go plays. Physicality and skating are the mains hurdle between him and the NHL.",1061,,eliteprospects_pdf,2025-ep-pdf-page-1536,Draft25.pdf#page=1536
2025-120-caeden-herrington,2025,Caeden Herrington,1539,1539,,,D,D,R,6’1.75”,187,92,2006-01-26,,,"A comfortable activator and physical in-zone defender, he’s USHL’s top blueliners in his re-entry season. Skating is the question.",1271,,eliteprospects_pdf,2025-ep-pdf-page-1539,Draft25.pdf#page=1539
2025-202-jacob-kvasnicka,2025,Jacob Kvasnicka,1550,1550,,,D,RW,R,5’11.25”,181,79,2007-08-10,,,"A pacey winger who supports skilled players effectively and flashes of playmaking, he could become a bottom-six piece with improved physicality and defensive stick work.",1246,,eliteprospects_pdf,2025-ep-pdf-page-1550,Draft25.pdf#page=1550
2025-127-aiden-foster,2025,Aiden Foster,1564,1564,,,D,LW,L,6’2”,188,83,2007-02-05,,,"A glove-dropping, hard-hitting winger steadily learning how to leverage physicalty into offensive impact.",1148,,eliteprospects_pdf,2025-ep-pdf-page-1564,Draft25.pdf#page=1564
2025-123-carter-klippenstein,2025,Carter Klippenstein,1567,1567,,,D,LWC,L,6’2.5”,189,82,2006-11-25,,,"A hard-hitting power forward with flashes of vision and scoring sense, waiting to be unlocked by another layer of skill.",1121,,eliteprospects_pdf,2025-ep-pdf-page-1567,Draft25.pdf#page=1567
2025-157-luke-vlooswyk,2025,Luke Vlooswyk,1586,1586,,,D,D,R,6’4.5”,194,91,2007-01-09,,,"A big defenceman with an edge and in-motion stopping ability, but puck skills must improve.",1304,,eliteprospects_pdf,2025-ep-pdf-page-1586,Draft25.pdf#page=1586
2025-182-reko-alanko,2025,Reko Alanko,1614,1614,,,F,D,R,6’5”,196,91,2007-07-15,,,A towering yet very raw defenceman who flashed impressive poise with the puck towards the end of the season; an intriguing player to keep an eye in the upcoming years.,1945,,eliteprospects_pdf,2025-ep-pdf-page-1614,Draft25.pdf#page=1614
2025-146-atte-joki,2025,Atte Joki,1618,1618,,,F,C,L,6’0.5”,184,86,2007-07-21,,,A hard-working two-way centre who brings the fire on the forecheck; lack of higher-end offensive skill limits the upside.,1926,,eliteprospects_pdf,2025-ep-pdf-page-1618,Draft25.pdf#page=1618
2025-109-brent-solomon,2025,Brent Solomon,1650,1650,,,F,RW,R,5’11.75”,182,78,2007-01-02,,,"Pinpoint shot placements and activations into high danger areas are the name of his game, filling nets across his entire high school career. Pace is the next step.",1676,,eliteprospects_pdf,2025-ep-pdf-page-1650,Draft25.pdf#page=1650
2025-198-jeremy-loranger,2025,Jérémy Loranger,1655,1655,,,F,LWRW,R,5’9”,175,73,2007-06-15,,,"The BCHL’s top scorer and MVP; his motor and pace of play are unmatched in the BCHL. Undersized, but his vision, shooting, and handling skill could translate.",1543,,eliteprospects_pdf,2025-ep-pdf-page-1655,Draft25.pdf#page=1655
2025-175-gabriel-chiarot,2025,Gabe Chiarot,1661,1661,,,F,RW,R,5’11”,180,87,2006-09-17,,,"A tireless, unrelenting checker whose finishing ability hints at higher potential, but must leverage his puck skills more to improve his NHL odds.",1624,,eliteprospects_pdf,2025-ep-pdf-page-1661,Draft25.pdf#page=1661
2025-212-grant-spada,2025,Grant Spada,1679,1679,,,F,D,L,6’4.25”,194,84,2007-06-24,,,"An assertive, physical blueliner who makes up for a lack of an offensive dimension with quality shutdown ability. Improving footspeed will be critical to increasing defensive efficiency.",1287,,eliteprospects_pdf,2025-ep-pdf-page-1679,Draft25.pdf#page=1679
2025-172-will-murphy,2025,Will Murphy,1690,1690,,,F,D,L,6’3.5”,192,95,2007-08-24,,,"A mean, physical defenceman who loves to lay the body. With improved edgework, could become a third-pair crusher.",1102,,eliteprospects_pdf,2025-ep-pdf-page-1690,Draft25.pdf#page=1690
2025-110-yegor-borikov,2025,Yegor Borikov,1692,1692,,,F,RWLW,R,6’1”,185,82,2005-08-28,,,"With NHL-calibre skating and shooting, he could become effective depth — if the motor and forechecking improves.",1687,,eliteprospects_pdf,2025-ep-pdf-page-1692,Draft25.pdf#page=1692
2025-149-dmitri-isayev,2025,Dmitri Isayev,1694,1694,,,F,LW,R,5’9”,175,67,2007-06-26,,,A hard-working winger that has the checking game to grow into a professional player and looks to do his playmaking from the point.,1380,,eliteprospects_pdf,2025-ep-pdf-page-1694,Draft25.pdf#page=1694
2025-143-wilson-bjorck,2025,Wilson Björck,1708,1708,,,F,LWC,L,6’0”,183,74,2006-01-13,,,"A quick and versatile forward who had a big breakout year in the J20 ranks; showed more offensive ability than in the past, but also played in a very favourable environment.",2114,,eliteprospects_pdf,2025-ep-pdf-page-1708,Draft25.pdf#page=1708
2025-173-victor-hedin-raftheim,2025,Victor Hedin Raftheim,1722,1722,,,F,D,L,6’4”,193,85,2007-08-19,,,"A lanky defenceman with projectable skating ability; a lot of rawness and uncertainty around the projection, but more offensive flashes than the production would suggest.",1868,,eliteprospects_pdf,2025-ep-pdf-page-1722,Draft25.pdf#page=1722
2025-214-nolan-roed,2025,Nolan Roed,1747,1747,,,F,C,L,5’11”,180,84,2005-10-25,,,"One of the USHL’s most productive players, but he does it through clever off-puck creation in lieu of dynamic skill.",1105,,eliteprospects_pdf,2025-ep-pdf-page-1747,Draft25.pdf#page=1747
2025-128-shea-busch,2025,Shea Busch,1760,1760,,,F,LW,L,6’1.75”,187,94,2007-06-12,,,"Joining Everett midseason, he enjoyed a breakout run in the WHL with his net-front skills and physical ability.",1103,,eliteprospects_pdf,2025-ep-pdf-page-1760,Draft25.pdf#page=1760
2025-197-brendan-dunphy,2025,Brendan Dunphy,1764,1764,,,F,D,L,6’5”,196,94,2006-02-02,,,A rangy and active defenceman who thrives in battles and can surprise with his offensive touch in moments.,1197,,eliteprospects_pdf,2025-ep-pdf-page-1764,Draft25.pdf#page=1764
