source_id,enabled,draft_year,adapter,league,season,stage,source_url,cache_path,source_label
2014-ohl-playoffs,false,2014,chl,OHL,2013-14,playoffs,https://chl.ca/ohl/stats/players/50/all/points,data/raw/cache/chl_stats/ohl_2013_14_s50_playoffs_players.html,chl
2014-ohl-regular,false,2014,chl,OHL,2013-14,regular,https://chl.ca/ohl/stats/players/49/all/points,data/raw/cache/chl_stats/ohl_2013_14_s49_regular_players.html,chl
2014-qmjhl-playoffs,false,2014,chl,QMJHL,2013-14,playoffs,https://chl.ca/lhjmq/en/stats/players/176/all/points,data/raw/cache/chl_stats/qmjhl_2013_14_s176_playoffs_players.html,chl
2014-qmjhl-regular,false,2014,chl,QMJHL,2013-14,regular,https://chl.ca/lhjmq/en/stats/players/175/all/points,data/raw/cache/chl_stats/qmjhl_2013_14_s175_regular_players.html,chl
2014-whl-playoffs,false,2014,chl,WHL,2013-14,playoffs,https://chl.ca/whl/stats/players/246/all/points,data/raw/cache/chl_stats/whl_2013_14_s246_playoffs_players.html,chl
2014-whl-regular,false,2014,chl,WHL,2013-14,regular,https://chl.ca/whl/stats/players/245/all/points,data/raw/cache/chl_stats/whl_2013_14_s245_regular_players.html,chl
2014-ncaa-uscho-combined,true,2014,ncaa,NCAA,2013-14,regular,https://www.uscho.com/stats/overall/division-i-men/2013-2014,data/raw/cache/ncaa_stats/ncaa_2013_14_uscho.html,uscho:combined
2014-russia-reviewed-open-stats,true,2014,open_csv,,2013-14,regular,,data/reference/russian_open_stats_2014.csv,reviewed-russian-open-stats
2014-ushl-playoffs-goalies,true,2014,ushl,USHL,2013-14,playoffs,https://lscluster.hockeytech.com/feed/index.php?feed=statviewfeed&view=players&season=43&team=all&position=goalies&rookies=0&statsType=standard&rosterstatus=&site_id=&first=0&limit=1000&sort=save_percentage&league_id=1&lang=en&division=-1&key=e828f89b243dc43f&client_code=ushl,data/raw/cache/ushl_stats/ushl_2013_14_s43_playoffs_goalies.json,43:goalies
2014-ushl-playoffs-skaters,true,2014,ushl,USHL,2013-14,playoffs,https://lscluster.hockeytech.com/feed/index.php?feed=statviewfeed&view=players&season=43&team=all&position=skaters&rookies=0&statsType=standard&rosterstatus=&site_id=&first=0&limit=1000&sort=points&league_id=1&lang=en&division=-1&key=e828f89b243dc43f&client_code=ushl,data/raw/cache/ushl_stats/ushl_2013_14_s43_playoffs_skaters.json,43:skaters
2014-ushl-regular-goalies,true,2014,ushl,USHL,2013-14,regular,https://lscluster.hockeytech.com/feed/index.php?feed=statviewfeed&view=players&season=42&team=all&position=goalies&rookies=0&statsType=standard&rosterstatus=&site_id=&first=0&limit=1000&sort=save_percentage&league_id=1&lang=en&division=-1&key=e828f89b243dc43f&client_code=ushl,data/raw/cache/ushl_stats/ushl_2013_14_s42_regular_goalies.json,42:goalies
2014-ushl-regular-skaters,true,2014,ushl,USHL,2013-14,regular,https://lscluster.hockeytech.com/feed/index.php?feed=statviewfeed&view=players&season=42&team=all&position=skaters&rookies=0&statsType=standard&rosterstatus=&site_id=&first=0&limit=1000&sort=points&league_id=1&lang=en&division=-1&key=e828f89b243dc43f&client_code=ushl,data/raw/cache/ushl_stats/ushl_2013_14_s42_regular_skaters.json,42:skaters
2015-ohl-playoffs,false,2015,chl,OHL,2014-15,playoffs,https://chl.ca/ohl/stats/players/52/all/points,data/raw/cache/chl_stats/ohl_2014_15_s52_playoffs_players.html,chl
2015-ohl-regular,false,2015,chl,OHL,2014-15,regular,https://chl.ca/ohl/stats/players/51/all/points,data/raw/cache/chl_stats/ohl_2014_15_s51_regular_players.html,chl
2015-qmjhl-playoffs,false,2015,chl,QMJHL,2014-15,playoffs,https://chl.ca/lhjmq/en/stats/players/179/all/points,data/raw/cache/chl_stats/qmjhl_2014_15_s179_playoffs_players.html,chl
2015-qmjhl-regular,false,2015,chl,QMJHL,2014-15,regular,https://chl.ca/lhjmq/en/stats/players/178/all/points,data/raw/cache/chl_stats/qmjhl_2014_15_s178_regular_players.html,chl
2015-whl-playoffs,false,2015,chl,WHL,2014-15,playoffs,https://chl.ca/whl/stats/players/250/all/points,data/raw/cache/chl_stats/whl_2014_15_s250_playoffs_players.html,chl
2015-whl-regular,false,2015,chl,WHL,2014-15,regular,https://chl.ca/whl/stats/players/249/all/points,data/raw/cache/chl_stats/whl_2014_15_s249_regular_players.html,chl
2015-ncaa-uscho-combined,true,2015,ncaa,NCAA,2014-15,regular,https://www.uscho.com/stats/overall/division-i-men/2014-2015,data/raw/cache/ncaa_stats/ncaa_2014_15_uscho.html,uscho:combined
2015-russia-reviewed-open-stats,true,2015,open_csv,,2014-15,regular,,data/reference/russian_open_stats_2015.csv,reviewed-russian-open-stats
2015-ushl-playoffs-goalies,true,2015,ushl,USHL,2014-15,playoffs,https://lscluster.hockeytech.com/feed/index.php?feed=statviewfeed&view=players&season=47&team=all&position=goalies&rookies=0&statsType=standard&rosterstatus=&site_id=&first=0&limit=1000&sort=save_percentage&league_id=1&lang=en&division=-1&key=e828f89b243dc43f&client_code=ushl,data/raw/cache/ushl_stats/ushl_2014_15_s47_playoffs_goalies.json,47:goalies
2015-ushl-playoffs-skaters,true,2015,ushl,USHL,2014-15,playoffs,https://lscluster.hockeytech.com/feed/index.php?feed=statviewfeed&view=players&season=47&team=all&position=skaters&rookies=0&statsType=standard&rosterstatus=&site_id=&first=0&limit=1000&sort=points&league_id=1&lang=en&division=-1&key=e828f89b243dc43f&client_code=ushl,data/raw/cache/ushl_stats/ushl_2014_15_s47_playoffs_skaters.json,47:skaters
2015-ushl-regular-goalies,true,2015,ushl,USHL,2014-15,regular,https://lscluster.hockeytech.com/feed/index.php?feed=statviewfeed&view=players&season=45&team=all&position=goalies&rookies=0&statsType=standard&rosterstatus=&site_id=&first=0&limit=1000&sort=save_percentage&league_id=1&lang=en&division=-1&key=e828f89b243dc43f&client_code=ushl,data/raw/cache/ushl_stats/ushl_2014_15_s45_regular_goalies.json,45:goalies
2015-ushl-regular-skaters,true,2015,ushl,USHL,2014-15,regular,https://lscluster.hockeytech.com/feed/index.php?feed=statviewfeed&view=players&season=45&team=all&position=skaters&rookies=0&statsType=standard&rosterstatus=&site_id=&first=0&limit=1000&sort=points&league_id=1&lang=en&division=-1&key=e828f89b243dc43f&client_code=ushl,data/raw/cache/ushl_stats/ushl_2014_15_s45_regular_skaters.json,45:skaters
2016-ohl-playoffs,false,2016,chl,OHL,2015-16,playoffs,https://chl.ca/ohl/stats/players/55/all/points,data/raw/cache/chl_stats/ohl_2015_16_s55_playoffs_players.html,chl
2016-ohl-regular,false,2016,chl,OHL,2015-16,regular,https://chl.ca/ohl/stats/players/54/all/points,data/raw/cache/chl_stats/ohl_2015_16_s54_regular_players.html,chl
2016-qmjhl-playoffs,false,2016,chl,QMJHL,2015-16,playoffs,https://chl.ca/lhjmq/en/stats/players/182/all/points,data/raw/cache/chl_stats/qmjhl_2015_16_s182_playoffs_players.html,chl
2016-qmjhl-regular,false,2016,chl,QMJHL,2015-16,regular,https://chl.ca/lhjmq/en/stats/players/181/all/points,data/raw/cache/chl_stats/qmjhl_2015_16_s181_regular_players.html,chl
2016-whl-playoffs,false,2016,chl,WHL,2015-16,playoffs,https://chl.ca/whl/stats/players/254/all/points,data/raw/cache/chl_stats/whl_2015_16_s254_playoffs_players.html,chl
2016-whl-regular,false,2016,chl,WHL,2015-16,regular,https://chl.ca/whl/stats/players/251/all/points,data/raw/cache/chl_stats/whl_2015_16_s251_regular_players.html,chl
2016-ncaa-uscho-combined,true,2016,ncaa,NCAA,2015-16,regular,https://www.uscho.com/stats/overall/division-i-men/2015-2016,data/raw/cache/ncaa_stats/ncaa_2015_16_uscho.html,uscho:combined
2016-russia-reviewed-open-stats,true,2016,open_csv,,2015-16,regular,,data/reference/russian_open_stats_2016.csv,reviewed-russian-open-stats
2016-ushl-playoffs-goalies,true,2016,ushl,USHL,2015-16,playoffs,https://lscluster.hockeytech.com/feed/index.php?feed=statviewfeed&view=players&season=51&team=all&position=goalies&rookies=0&statsType=standard&rosterstatus=&site_id=&first=0&limit=1000&sort=save_percentage&league_id=1&lang=en&division=-1&key=e828f89b243dc43f&client_code=ushl,data/raw/cache/ushl_stats/ushl_2015_16_s51_playoffs_goalies.json,51:goalies
2016-ushl-playoffs-skaters,true,2016,ushl,USHL,2015-16,playoffs,https://lscluster.hockeytech.com/feed/index.php?feed=statviewfeed&view=players&season=51&team=all&position=skaters&rookies=0&statsType=standard&rosterstatus=&site_id=&first=0&limit=1000&sort=points&league_id=1&lang=en&division=-1&key=e828f89b243dc43f&client_code=ushl,data/raw/cache/ushl_stats/ushl_2015_16_s51_playoffs_skaters.json,51:skaters
2016-ushl-regular-goalies,true,2016,ushl,USHL,2015-16,regular,https://lscluster.hockeytech.com/feed/index.php?feed=statviewfeed&view=players&season=48&team=all&position=goalies&rookies=0&statsType=standard&rosterstatus=&site_id=&first=0&limit=1000&sort=save_percentage&league_id=1&lang=en&division=-1&key=e828f89b243dc43f&client_code=ushl,data/raw/cache/ushl_stats/ushl_2015_16_s48_regular_goalies.json,48:goalies
2016-ushl-regular-skaters,true,2016,ushl,USHL,2015-16,regular,https://lscluster.hockeytech.com/feed/index.php?feed=statviewfeed&view=players&season=48&team=all&position=skaters&rookies=0&statsType=standard&rosterstatus=&site_id=&first=0&limit=1000&sort=points&league_id=1&lang=en&division=-1&key=e828f89b243dc43f&client_code=ushl,data/raw/cache/ushl_stats/ushl_2015_16_s48_regular_skaters.json,48:skaters
2017-ohl-playoffs,false,2017,chl,OHL,2016-17,playoffs,https://chl.ca/ohl/stats/players/58/all/points,data/raw/cache/chl_stats/ohl_2016_17_s58_playoffs_players.html,chl
2017-ohl-regular,false,2017,chl,OHL,2016-17,regular,https://chl.ca/ohl/stats/players/56/all/points,data/raw/cache/chl_stats/ohl_2016_17_s56_regular_players.html,chl
2017-qmjhl-playoffs,false,2017,chl,QMJHL,2016-17,playoffs,https://chl.ca/lhjmq/en/stats/players/185/all/points,data/raw/cache/chl_stats/qmjhl_2016_17_s185_playoffs_players.html,chl
2017-qmjhl-regular,false,2017,chl,QMJHL,2016-17,regular,https://chl.ca/lhjmq/en/stats/players/184/all/points,data/raw/cache/chl_stats/qmjhl_2016_17_s184_regular_players.html,chl
2017-whl-playoffs,false,2017,chl,WHL,2016-17,playoffs,https://chl.ca/whl/stats/players/260/all/points,data/raw/cache/chl_stats/whl_2016_17_s260_playoffs_players.html,chl
2017-whl-regular,false,2017,chl,WHL,2016-17,regular,https://chl.ca/whl/stats/players/257/all/points,data/raw/cache/chl_stats/whl_2016_17_s257_regular_players.html,chl
2017-ncaa-uscho-combined,true,2017,ncaa,NCAA,2016-17,regular,https://www.uscho.com/stats/overall/division-i-men/2016-2017,data/raw/cache/ncaa_stats/ncaa_2016_17_uscho.html,uscho:combined
2017-russia-reviewed-open-stats,true,2017,open_csv,,2016-17,regular,,data/reference/russian_open_stats_2017.csv,reviewed-russian-open-stats
2017-ushl-playoffs-goalies,true,2017,ushl,USHL,2016-17,playoffs,https://lscluster.hockeytech.com/feed/index.php?feed=statviewfeed&view=players&season=61&team=all&position=goalies&rookies=0&statsType=standard&rosterstatus=&site_id=&first=0&limit=1000&sort=save_percentage&league_id=1&lang=en&division=-1&key=e828f89b243dc43f&client_code=ushl,data/raw/cache/ushl_stats/ushl_2016_17_s61_playoffs_goalies.json,61:goalies
2017-ushl-playoffs-skaters,true,2017,ushl,USHL,2016-17,playoffs,https://lscluster.hockeytech.com/feed/index.php?feed=statviewfeed&view=players&season=61&team=all&position=skaters&rookies=0&statsType=standard&rosterstatus=&site_id=&first=0&limit=1000&sort=points&league_id=1&lang=en&division=-1&key=e828f89b243dc43f&client_code=ushl,data/raw/cache/ushl_stats/ushl_2016_17_s61_playoffs_skaters.json,61:skaters
2017-ushl-regular-goalies,true,2017,ushl,USHL,2016-17,regular,https://lscluster.hockeytech.com/feed/index.php?feed=statviewfeed&view=players&season=58&team=all&position=goalies&rookies=0&statsType=standard&rosterstatus=&site_id=&first=0&limit=1000&sort=save_percentage&league_id=1&lang=en&division=-1&key=e828f89b243dc43f&client_code=ushl,data/raw/cache/ushl_stats/ushl_2016_17_s58_regular_goalies.json,58:goalies
2017-ushl-regular-skaters,true,2017,ushl,USHL,2016-17,regular,https://lscluster.hockeytech.com/feed/index.php?feed=statviewfeed&view=players&season=58&team=all&position=skaters&rookies=0&statsType=standard&rosterstatus=&site_id=&first=0&limit=1000&sort=points&league_id=1&lang=en&division=-1&key=e828f89b243dc43f&client_code=ushl,data/raw/cache/ushl_stats/ushl_2016_17_s58_regular_skaters.json,58:skaters
2018-ohl-playoffs,false,2018,chl,OHL,2017-18,playoffs,https://chl.ca/ohl/stats/players/61/all/points,data/raw/cache/chl_stats/ohl_2017_18_s61_playoffs_players.html,chl
2018-ohl-regular,false,2018,chl,OHL,2017-18,regular,https://chl.ca/ohl/stats/players/60/all/points,data/raw/cache/chl_stats/ohl_2017_18_s60_regular_players.html,chl
2018-qmjhl-playoffs,false,2018,chl,QMJHL,2017-18,playoffs,https://chl.ca/lhjmq/en/stats/players/188/all/points,data/raw/cache/chl_stats/qmjhl_2017_18_s188_playoffs_players.html,chl
2018-qmjhl-regular,false,2018,chl,QMJHL,2017-18,regular,https://chl.ca/lhjmq/en/stats/players/187/all/points,data/raw/cache/chl_stats/qmjhl_2017_18_s187_regular_players.html,chl
2018-whl-playoffs,false,2018,chl,WHL,2017-18,playoffs,https://chl.ca/whl/stats/players/264/all/points,data/raw/cache/chl_stats/whl_2017_18_s264_playoffs_players.html,chl
2018-whl-regular,false,2018,chl,WHL,2017-18,regular,https://chl.ca/whl/stats/players/262/all/points,data/raw/cache/chl_stats/whl_2017_18_s262_regular_players.html,chl
2018-ncaa-uscho-combined,true,2018,ncaa,NCAA,2017-18,regular,https://www.uscho.com/stats/overall/division-i-men/2017-2018,data/raw/cache/ncaa_stats/ncaa_2017_18_uscho.html,uscho:combined
2018-russia-reviewed-open-stats,true,2018,open_csv,,2017-18,regular,,data/reference/russian_open_stats_2018.csv,reviewed-russian-open-stats
2018-ushl-playoffs-goalies,true,2018,ushl,USHL,2017-18,playoffs,https://lscluster.hockeytech.com/feed/index.php?feed=statviewfeed&view=players&season=66&team=all&position=goalies&rookies=0&statsType=standard&rosterstatus=&site_id=&first=0&limit=1000&sort=save_percentage&league_id=1&lang=en&division=-1&key=e828f89b243dc43f&client_code=ushl,data/raw/cache/ushl_stats/ushl_2017_18_s66_playoffs_goalies.json,66:goalies
2018-ushl-playoffs-skaters,true,2018,ushl,USHL,2017-18,playoffs,https://lscluster.hockeytech.com/feed/index.php?feed=statviewfeed&view=players&season=66&team=all&position=skaters&rookies=0&statsType=standard&rosterstatus=&site_id=&first=0&limit=1000&sort=points&league_id=1&lang=en&division=-1&key=e828f89b243dc43f&client_code=ushl,data/raw/cache/ushl_stats/ushl_2017_18_s66_playoffs_skaters.json,66:skaters
2018-ushl-regular-goalies,true,2018,ushl,USHL,2017-18,regular,https://lscluster.hockeytech.com/feed/index.php?feed=statviewfeed&view=players&season=62&team=all&position=goalies&rookies=0&statsType=standard&rosterstatus=&site_id=&first=0&limit=1000&sort=save_percentage&league_id=1&lang=en&division=-1&key=e828f89b243dc43f&client_code=ushl,data/raw/cache/ushl_stats/ushl_2017_18_s62_regular_goalies.json,62:goalies
2018-ushl-regular-skaters,true,2018,ushl,USHL,2017-18,regular,https://lscluster.hockeytech.com/feed/index.php?feed=statviewfeed&view=players&season=62&team=all&position=skaters&rookies=0&statsType=standard&rosterstatus=&site_id=&first=0&limit=1000&sort=points&league_id=1&lang=en&division=-1&key=e828f89b243dc43f&client_code=ushl,data/raw/cache/ushl_stats/ushl_2017_18_s62_regular_skaters.json,62:skaters
2019-ohl-playoffs,false,2019,chl,OHL,2018-19,playoffs,https://chl.ca/ohl/stats/players/66/all/points,data/raw/cache/chl_stats/ohl_2018_19_s66_playoffs_players.html,chl
2019-ohl-regular,false,2019,chl,OHL,2018-19,regular,https://chl.ca/ohl/stats/players/63/all/points,data/raw/cache/chl_stats/ohl_2018_19_s63_regular_players.html,chl
2019-qmjhl-playoffs,false,2019,chl,QMJHL,2018-19,playoffs,https://chl.ca/lhjmq/en/stats/players/191/all/points,data/raw/cache/chl_stats/qmjhl_2018_19_s191_playoffs_players.html,chl
2019-qmjhl-regular,false,2019,chl,QMJHL,2018-19,regular,https://chl.ca/lhjmq/en/stats/players/190/all/points,data/raw/cache/chl_stats/qmjhl_2018_19_s190_regular_players.html,chl
2019-whl-playoffs,false,2019,chl,WHL,2018-19,playoffs,https://chl.ca/whl/stats/players/267/all/points,data/raw/cache/chl_stats/whl_2018_19_s267_playoffs_players.html,chl
2019-whl-regular,false,2019,chl,WHL,2018-19,regular,https://chl.ca/whl/stats/players/266/all/points,data/raw/cache/chl_stats/whl_2018_19_s266_regular_players.html,chl
2019-ncaa-uscho-combined,true,2019,ncaa,NCAA,2018-19,regular,https://www.uscho.com/stats/overall/division-i-men/2018-2019,data/raw/cache/ncaa_stats/ncaa_2018_19_uscho.html,uscho:combined
2019-ushl-playoffs-goalies,true,2019,ushl,USHL,2018-19,playoffs,https://lscluster.hockeytech.com/feed/index.php?feed=statviewfeed&view=players&season=70&team=all&position=goalies&rookies=0&statsType=standard&rosterstatus=&site_id=&first=0&limit=1000&sort=save_percentage&league_id=1&lang=en&division=-1&key=e828f89b243dc43f&client_code=ushl,data/raw/cache/ushl_stats/ushl_2018_19_s70_playoffs_goalies.json,70:goalies
2019-ushl-playoffs-skaters,true,2019,ushl,USHL,2018-19,playoffs,https://lscluster.hockeytech.com/feed/index.php?feed=statviewfeed&view=players&season=70&team=all&position=skaters&rookies=0&statsType=standard&rosterstatus=&site_id=&first=0&limit=1000&sort=points&league_id=1&lang=en&division=-1&key=e828f89b243dc43f&client_code=ushl,data/raw/cache/ushl_stats/ushl_2018_19_s70_playoffs_skaters.json,70:skaters
2019-ushl-regular-goalies,true,2019,ushl,USHL,2018-19,regular,https://lscluster.hockeytech.com/feed/index.php?feed=statviewfeed&view=players&season=67&team=all&position=goalies&rookies=0&statsType=standard&rosterstatus=&site_id=&first=0&limit=1000&sort=save_percentage&league_id=1&lang=en&division=-1&key=e828f89b243dc43f&client_code=ushl,data/raw/cache/ushl_stats/ushl_2018_19_s67_regular_goalies.json,67:goalies
2019-ushl-regular-skaters,true,2019,ushl,USHL,2018-19,regular,https://lscluster.hockeytech.com/feed/index.php?feed=statviewfeed&view=players&season=67&team=all&position=skaters&rookies=0&statsType=standard&rosterstatus=&site_id=&first=0&limit=1000&sort=points&league_id=1&lang=en&division=-1&key=e828f89b243dc43f&client_code=ushl,data/raw/cache/ushl_stats/ushl_2018_19_s67_regular_skaters.json,67:skaters
2020-ohl-regular,false,2020,chl,OHL,2019-20,regular,https://chl.ca/ohl/stats/players/68/all/points,data/raw/cache/chl_stats/ohl_2019_20_s68_regular_players.html,chl
2020-qmjhl-playoffs,false,2020,chl,QMJHL,2019-20,playoffs,https://chl.ca/lhjmq/en/stats/players/194/all/points,data/raw/cache/chl_stats/qmjhl_2019_20_s194_playoffs_players.html,chl
2020-qmjhl-regular,false,2020,chl,QMJHL,2019-20,regular,https://chl.ca/lhjmq/en/stats/players/193/all/points,data/raw/cache/chl_stats/qmjhl_2019_20_s193_regular_players.html,chl
2020-whl-regular,false,2020,chl,WHL,2019-20,regular,https://chl.ca/whl/stats/players/270/all/points,data/raw/cache/chl_stats/whl_2019_20_s270_regular_players.html,chl
2020-ncaa-uscho-combined,true,2020,ncaa,NCAA,2019-20,regular,https://www.uscho.com/stats/overall/division-i-men/2019-2020,data/raw/cache/ncaa_stats/ncaa_2019_20_uscho.html,uscho:combined
2020-ushl-regular-goalies,true,2020,ushl,USHL,2019-20,regular,https://lscluster.hockeytech.com/feed/index.php?feed=statviewfeed&view=players&season=71&team=all&position=goalies&rookies=0&statsType=standard&rosterstatus=&site_id=&first=0&limit=1000&sort=save_percentage&league_id=1&lang=en&division=-1&key=e828f89b243dc43f&client_code=ushl,data/raw/cache/ushl_stats/ushl_2019_20_s71_regular_goalies.json,71:goalies
2020-ushl-regular-skaters,true,2020,ushl,USHL,2019-20,regular,https://lscluster.hockeytech.com/feed/index.php?feed=statviewfeed&view=players&season=71&team=all&position=skaters&rookies=0&statsType=standard&rosterstatus=&site_id=&first=0&limit=1000&sort=points&league_id=1&lang=en&division=-1&key=e828f89b243dc43f&client_code=ushl,data/raw/cache/ushl_stats/ushl_2019_20_s71_regular_skaters.json,71:skaters
2021-qmjhl-playoffs,false,2021,chl,QMJHL,2020-21,playoffs,https://chl.ca/lhjmq/en/stats/players/197/all/points,data/raw/cache/chl_stats/qmjhl_2020_21_s197_playoffs_players.html,chl
2021-qmjhl-regular,false,2021,chl,QMJHL,2020-21,regular,https://chl.ca/lhjmq/en/stats/players/196/all/points,data/raw/cache/chl_stats/qmjhl_2020_21_s196_regular_players.html,chl
2021-whl-regular,false,2021,chl,WHL,2020-21,regular,https://chl.ca/whl/stats/players/273/all/points,data/raw/cache/chl_stats/whl_2020_21_s273_regular_players.html,chl
2021-ncaa-uscho-combined,true,2021,ncaa,NCAA,2020-21,regular,https://www.uscho.com/stats/overall/division-i-men/2020-2021,data/raw/cache/ncaa_stats/ncaa_2020_21_uscho.html,uscho:combined
2021-ushl-playoffs-goalies,true,2021,ushl,USHL,2020-21,playoffs,https://lscluster.hockeytech.com/feed/index.php?feed=statviewfeed&view=players&season=75&team=all&position=goalies&rookies=0&statsType=standard&rosterstatus=&site_id=&first=0&limit=1000&sort=save_percentage&league_id=1&lang=en&division=-1&key=e828f89b243dc43f&client_code=ushl,data/raw/cache/ushl_stats/ushl_2020_21_s75_playoffs_goalies.json,75:goalies
2021-ushl-playoffs-skaters,true,2021,ushl,USHL,2020-21,playoffs,https://lscluster.hockeytech.com/feed/index.php?feed=statviewfeed&view=players&season=75&team=all&position=skaters&rookies=0&statsType=standard&rosterstatus=&site_id=&first=0&limit=1000&sort=points&league_id=1&lang=en&division=-1&key=e828f89b243dc43f&client_code=ushl,data/raw/cache/ushl_stats/ushl_2020_21_s75_playoffs_skaters.json,75:skaters
2021-ushl-regular-goalies,true,2021,ushl,USHL,2020-21,regular,https://lscluster.hockeytech.com/feed/index.php?feed=statviewfeed&view=players&season=73&team=all&position=goalies&rookies=0&statsType=standard&rosterstatus=&site_id=&first=0&limit=1000&sort=save_percentage&league_id=1&lang=en&division=-1&key=e828f89b243dc43f&client_code=ushl,data/raw/cache/ushl_stats/ushl_2020_21_s73_regular_goalies.json,73:goalies
2021-ushl-regular-skaters,true,2021,ushl,USHL,2020-21,regular,https://lscluster.hockeytech.com/feed/index.php?feed=statviewfeed&view=players&season=73&team=all&position=skaters&rookies=0&statsType=standard&rosterstatus=&site_id=&first=0&limit=1000&sort=points&league_id=1&lang=en&division=-1&key=e828f89b243dc43f&client_code=ushl,data/raw/cache/ushl_stats/ushl_2020_21_s73_regular_skaters.json,73:skaters
2022-ohl-playoffs,false,2022,chl,OHL,2021-22,playoffs,https://chl.ca/ohl/stats/players/71/all/points,data/raw/cache/chl_stats/ohl_2021_22_s71_playoffs_players.html,chl
2022-ohl-regular,false,2022,chl,OHL,2021-22,regular,https://chl.ca/ohl/stats/players/70/all/points,data/raw/cache/chl_stats/ohl_2021_22_s70_regular_players.html,chl
2022-qmjhl-playoffs,false,2022,chl,QMJHL,2021-22,playoffs,https://chl.ca/lhjmq/en/stats/players/200/all/points,data/raw/cache/chl_stats/qmjhl_2021_22_s200_playoffs_players.html,chl
2022-qmjhl-regular,false,2022,chl,QMJHL,2021-22,regular,https://chl.ca/lhjmq/en/stats/players/199/all/points,data/raw/cache/chl_stats/qmjhl_2021_22_s199_regular_players.html,chl
2022-whl-playoffs,false,2022,chl,WHL,2021-22,playoffs,https://chl.ca/whl/stats/players/277/all/points,data/raw/cache/chl_stats/whl_2021_22_s277_playoffs_players.html,chl
2022-whl-regular,false,2022,chl,WHL,2021-22,regular,https://chl.ca/whl/stats/players/275/all/points,data/raw/cache/chl_stats/whl_2021_22_s275_regular_players.html,chl
2022-ncaa-collegehockeyinc-goalies,true,2022,ncaa,NCAA,2021-22,regular,https://collegehockeyinc.com/conferences/national/natgoalie22.php,data/raw/cache/ncaa_stats/ncaa_2021_22_collegehockeyinc_goalies.html,collegehockeyinc:goalies
2022-ncaa-collegehockeyinc-skaters,true,2022,ncaa,NCAA,2021-22,regular,https://collegehockeyinc.com/conferences/national/natplayer22.php,data/raw/cache/ncaa_stats/ncaa_2021_22_collegehockeyinc_skaters.html,collegehockeyinc:skaters
2019-russia-reviewed-open-stats,true,2019,open_csv,,2018-19,regular,,data/reference/russian_open_stats_2019.csv,reviewed-russian-open-stats
2020-russia-reviewed-open-stats,true,2020,open_csv,,2019-20,regular,,data/reference/russian_open_stats_2020.csv,reviewed-russian-open-stats
2021-russia-reviewed-open-stats,true,2021,open_csv,,2020-21,regular,,data/reference/russian_open_stats_2021.csv,reviewed-russian-open-stats
2022-russia-reviewed-open-stats,true,2022,open_csv,,2021-22,regular,,data/reference/russian_open_stats_2022.csv,reviewed-russian-open-stats
2022-ushl-playoffs-goalies,true,2022,ushl,USHL,2021-22,playoffs,https://lscluster.hockeytech.com/feed/index.php?feed=statviewfeed&view=players&season=78&team=all&position=goalies&rookies=0&statsType=standard&rosterstatus=&site_id=&first=0&limit=1000&sort=save_percentage&league_id=1&lang=en&division=-1&key=e828f89b243dc43f&client_code=ushl,data/raw/cache/ushl_stats/ushl_2021_22_s78_playoffs_goalies.json,78:goalies
2022-ushl-playoffs-skaters,true,2022,ushl,USHL,2021-22,playoffs,https://lscluster.hockeytech.com/feed/index.php?feed=statviewfeed&view=players&season=78&team=all&position=skaters&rookies=0&statsType=standard&rosterstatus=&site_id=&first=0&limit=1000&sort=points&league_id=1&lang=en&division=-1&key=e828f89b243dc43f&client_code=ushl,data/raw/cache/ushl_stats/ushl_2021_22_s78_playoffs_skaters.json,78:skaters
2022-ushl-regular-goalies,true,2022,ushl,USHL,2021-22,regular,https://lscluster.hockeytech.com/feed/index.php?feed=statviewfeed&view=players&season=76&team=all&position=goalies&rookies=0&statsType=standard&rosterstatus=&site_id=&first=0&limit=1000&sort=save_percentage&league_id=1&lang=en&division=-1&key=e828f89b243dc43f&client_code=ushl,data/raw/cache/ushl_stats/ushl_2021_22_s76_regular_goalies.json,76:goalies
2022-ushl-regular-skaters,true,2022,ushl,USHL,2021-22,regular,https://lscluster.hockeytech.com/feed/index.php?feed=statviewfeed&view=players&season=76&team=all&position=skaters&rookies=0&statsType=standard&rosterstatus=&site_id=&first=0&limit=1000&sort=points&league_id=1&lang=en&division=-1&key=e828f89b243dc43f&client_code=ushl,data/raw/cache/ushl_stats/ushl_2021_22_s76_regular_skaters.json,76:skaters
2023-ohl-playoffs,false,2023,chl,OHL,2022-23,playoffs,https://chl.ca/ohl/stats/players/74/all/points,data/raw/cache/chl_stats/ohl_2022_23_s74_playoffs_players.html,chl
2023-ohl-regular,false,2023,chl,OHL,2022-23,regular,https://chl.ca/ohl/stats/players/73/all/points,data/raw/cache/chl_stats/ohl_2022_23_s73_regular_players.html,chl
2023-qmjhl-playoffs,false,2023,chl,QMJHL,2022-23,playoffs,https://chl.ca/lhjmq/en/stats/players/203/all/points,data/raw/cache/chl_stats/qmjhl_2022_23_s203_playoffs_players.html,chl
2023-qmjhl-regular,false,2023,chl,QMJHL,2022-23,regular,https://chl.ca/lhjmq/en/stats/players/202/all/points,data/raw/cache/chl_stats/qmjhl_2022_23_s202_regular_players.html,chl
2023-whl-playoffs,false,2023,chl,WHL,2022-23,playoffs,https://chl.ca/whl/stats/players/280/all/points,data/raw/cache/chl_stats/whl_2022_23_s280_playoffs_players.html,chl
2023-whl-regular,false,2023,chl,WHL,2022-23,regular,https://chl.ca/whl/stats/players/279/all/points,data/raw/cache/chl_stats/whl_2022_23_s279_regular_players.html,chl
2023-ncaa-collegehockeyinc-goalies,true,2023,ncaa,NCAA,2022-23,regular,https://collegehockeyinc.com/conferences/national/natgoalie23.php,data/raw/cache/ncaa_stats/ncaa_2022_23_collegehockeyinc_goalies.html,collegehockeyinc:goalies
2023-ncaa-collegehockeyinc-skaters,true,2023,ncaa,NCAA,2022-23,regular,https://collegehockeyinc.com/conferences/national/natplayer23.php,data/raw/cache/ncaa_stats/ncaa_2022_23_collegehockeyinc_skaters.html,collegehockeyinc:skaters
2023-russia-reviewed-open-stats,true,2023,open_csv,,2022-23,regular,,data/reference/russian_open_stats_2023.csv,reviewed-russian-open-stats
2023-ushl-playoffs-goalies,true,2023,ushl,USHL,2022-23,playoffs,https://lscluster.hockeytech.com/feed/index.php?feed=statviewfeed&view=players&season=81&team=all&position=goalies&rookies=0&statsType=standard&rosterstatus=&site_id=&first=0&limit=1000&sort=save_percentage&league_id=1&lang=en&division=-1&key=e828f89b243dc43f&client_code=ushl,data/raw/cache/ushl_stats/ushl_2022_23_s81_playoffs_goalies.json,81:goalies
2023-ushl-playoffs-skaters,true,2023,ushl,USHL,2022-23,playoffs,https://lscluster.hockeytech.com/feed/index.php?feed=statviewfeed&view=players&season=81&team=all&position=skaters&rookies=0&statsType=standard&rosterstatus=&site_id=&first=0&limit=1000&sort=points&league_id=1&lang=en&division=-1&key=e828f89b243dc43f&client_code=ushl,data/raw/cache/ushl_stats/ushl_2022_23_s81_playoffs_skaters.json,81:skaters
2023-ushl-regular-goalies,true,2023,ushl,USHL,2022-23,regular,https://lscluster.hockeytech.com/feed/index.php?feed=statviewfeed&view=players&season=79&team=all&position=goalies&rookies=0&statsType=standard&rosterstatus=&site_id=&first=0&limit=1000&sort=save_percentage&league_id=1&lang=en&division=-1&key=e828f89b243dc43f&client_code=ushl,data/raw/cache/ushl_stats/ushl_2022_23_s79_regular_goalies.json,79:goalies
2023-ushl-regular-skaters,true,2023,ushl,USHL,2022-23,regular,https://lscluster.hockeytech.com/feed/index.php?feed=statviewfeed&view=players&season=79&team=all&position=skaters&rookies=0&statsType=standard&rosterstatus=&site_id=&first=0&limit=1000&sort=points&league_id=1&lang=en&division=-1&key=e828f89b243dc43f&client_code=ushl,data/raw/cache/ushl_stats/ushl_2022_23_s79_regular_skaters.json,79:skaters
2024-ohl-playoffs,false,2024,chl,OHL,2023-24,playoffs,https://chl.ca/ohl/stats/players/77/all/points,data/raw/cache/chl_stats/ohl_2023_24_s77_playoffs_players.html,chl
2024-ohl-regular,false,2024,chl,OHL,2023-24,regular,https://chl.ca/ohl/stats/players/76/all/points,data/raw/cache/chl_stats/ohl_2023_24_s76_regular_players.html,chl
2024-qmjhl-playoffs,false,2024,chl,QMJHL,2023-24,playoffs,https://chl.ca/lhjmq/en/stats/players/206/all/points,data/raw/cache/chl_stats/qmjhl_2023_24_s206_playoffs_players.html,chl
2024-qmjhl-regular,false,2024,chl,QMJHL,2023-24,regular,https://chl.ca/lhjmq/en/stats/players/205/all/points,data/raw/cache/chl_stats/qmjhl_2023_24_s205_regular_players.html,chl
2024-whl-playoffs,false,2024,chl,WHL,2023-24,playoffs,https://chl.ca/whl/stats/players/284/all/points,data/raw/cache/chl_stats/whl_2023_24_s284_playoffs_players.html,chl
2024-whl-regular,false,2024,chl,WHL,2023-24,regular,https://chl.ca/whl/stats/players/281/all/points,data/raw/cache/chl_stats/whl_2023_24_s281_regular_players.html,chl
2024-ncaa-collegehockeyinc-goalies,true,2024,ncaa,NCAA,2023-24,regular,https://collegehockeyinc.com/conferences/national/natgoalie24.php,data/raw/cache/ncaa_stats/ncaa_2023_24_collegehockeyinc_goalies.html,collegehockeyinc:goalies
2024-ncaa-collegehockeyinc-skaters,true,2024,ncaa,NCAA,2023-24,regular,https://collegehockeyinc.com/conferences/national/natplayer24.php,data/raw/cache/ncaa_stats/ncaa_2023_24_collegehockeyinc_skaters.html,collegehockeyinc:skaters
2024-russia-reviewed-open-stats,true,2024,open_csv,,2023-24,regular,,data/reference/russian_open_stats_2024.csv,reviewed-russian-open-stats
2024-ushl-playoffs-goalies,true,2024,ushl,USHL,2023-24,playoffs,https://lscluster.hockeytech.com/feed/index.php?feed=statviewfeed&view=players&season=84&team=all&position=goalies&rookies=0&statsType=standard&rosterstatus=&site_id=&first=0&limit=1000&sort=save_percentage&league_id=1&lang=en&division=-1&key=e828f89b243dc43f&client_code=ushl,data/raw/cache/ushl_stats/ushl_2023_24_s84_playoffs_goalies.json,84:goalies
2024-ushl-playoffs-skaters,true,2024,ushl,USHL,2023-24,playoffs,https://lscluster.hockeytech.com/feed/index.php?feed=statviewfeed&view=players&season=84&team=all&position=skaters&rookies=0&statsType=standard&rosterstatus=&site_id=&first=0&limit=1000&sort=points&league_id=1&lang=en&division=-1&key=e828f89b243dc43f&client_code=ushl,data/raw/cache/ushl_stats/ushl_2023_24_s84_playoffs_skaters.json,84:skaters
2024-ushl-regular-goalies,true,2024,ushl,USHL,2023-24,regular,https://lscluster.hockeytech.com/feed/index.php?feed=statviewfeed&view=players&season=82&team=all&position=goalies&rookies=0&statsType=standard&rosterstatus=&site_id=&first=0&limit=1000&sort=save_percentage&league_id=1&lang=en&division=-1&key=e828f89b243dc43f&client_code=ushl,data/raw/cache/ushl_stats/ushl_2023_24_s82_regular_goalies.json,82:goalies
2024-ushl-regular-skaters,true,2024,ushl,USHL,2023-24,regular,https://lscluster.hockeytech.com/feed/index.php?feed=statviewfeed&view=players&season=82&team=all&position=skaters&rookies=0&statsType=standard&rosterstatus=&site_id=&first=0&limit=1000&sort=points&league_id=1&lang=en&division=-1&key=e828f89b243dc43f&client_code=ushl,data/raw/cache/ushl_stats/ushl_2023_24_s82_regular_skaters.json,82:skaters
2025-ohl-playoffs,true,2025,chl,OHL,2024-25,playoffs,https://chl.ca/ohl/stats/players/81/all/points,data/raw/cache/chl_stats/ohl_2024_25_true_playoffs_players.html,chl
2025-ohl-regular,true,2025,chl,OHL,2024-25,regular,https://chl.ca/ohl/stats/players/79/all/points,data/raw/cache/chl_stats/ohl_2024_25_regular_players.html,chl
2025-qmjhl-playoffs,true,2025,chl,QMJHL,2024-25,playoffs,https://chl.ca/lhjmq/en/stats/players/209/all/points,data/raw/cache/chl_stats/qmjhl_2024_25_true_playoffs_players.html,chl
2025-qmjhl-regular,true,2025,chl,QMJHL,2024-25,regular,https://chl.ca/lhjmq/en/stats/players/208/all/points,data/raw/cache/chl_stats/qmjhl_2024_25_regular_players.html,chl
2025-whl-playoffs,true,2025,chl,WHL,2024-25,playoffs,https://chl.ca/whl/stats/players/288/all/points,data/raw/cache/chl_stats/whl_2024_25_true_playoffs_players.html,chl
2025-whl-regular,true,2025,chl,WHL,2024-25,regular,https://chl.ca/whl/stats/players/285/all/points,data/raw/cache/chl_stats/whl_2024_25_regular_players.html,chl
2025-hockeyallsvenskan-playoffs,true,2025,europe,HockeyAllsvenskan,2024-25,playoffs,https://stats.swehockey.se/Teams/Info/PlayersByTeam/17571,data/raw/cache/europe_stats/2025_hockeyallsvenskan_playoffs.html,swehockey:combined
2025-hockeyallsvenskan-regular,true,2025,europe,HockeyAllsvenskan,2024-25,regular,https://stats.swehockey.se/Teams/Info/PlayersByTeam/15986,data/raw/cache/europe_stats/2025_hockeyallsvenskan_regular.html,swehockey:combined
2025-khl-playoffs,false,2025,europe,KHL,2024-25,playoffs,https://en.khl.ru/stat/leaders/1289/pts/?schedule=1289&section=pts,data/raw/cache/europe_stats/2025_khl_playoffs.html,khl:skaters
2025-khl-regular,false,2025,europe,KHL,2024-25,regular,https://en.khl.ru/stat/leaders/1288/g/?schedule=1288&section=g,data/raw/cache/europe_stats/2025_khl_regular.html,khl:skaters
2025-liiga-playoffs-goalies,true,2025,europe,Liiga,2024-25,playoffs,https://liiga.fi/api/v2/players/stats/summed/2024/2024/playoffs/true?dataType=basicStatsGk,data/raw/cache/europe_stats/2025_liiga_playoffs_goalies.json,liiga:goalies
2025-liiga-playoffs-skaters,true,2025,europe,Liiga,2024-25,playoffs,https://liiga.fi/api/v2/players/stats/summed/2024/2024/playoffs/true?dataType=basicStats,data/raw/cache/europe_stats/2025_liiga_playoffs_skaters.json,liiga:skaters
2025-liiga-regular-goalies,true,2025,europe,Liiga,2024-25,regular,https://liiga.fi/api/v2/players/stats/summed/2024/2024/runkosarja/true?dataType=basicStatsGk,data/raw/cache/europe_stats/2025_liiga_regular_goalies.json,liiga:goalies
2025-liiga-regular-skaters,true,2025,europe,Liiga,2024-25,regular,https://liiga.fi/api/v2/players/stats/summed/2024/2024/runkosarja/true?dataType=basicStats,data/raw/cache/europe_stats/2025_liiga_regular_skaters.json,liiga:skaters
2025-mhl-playoffs,false,2025,europe,MHL,2024-25,playoffs,https://mhl.khl.ru/stat/leaders/1292/pts/,data/raw/cache/europe_stats/2025_mhl_playoffs.html,khl:skaters
2025-mhl-regular,false,2025,europe,MHL,2024-25,regular,https://mhl.khl.ru/stat/leaders/1162/pts/,data/raw/cache/europe_stats/2025_mhl_regular.html,khl:skaters
2025-shl-playoffs,true,2025,europe,SHL,2024-25,playoffs,https://stats.swehockey.se/Teams/Info/PlayersByTeam/17557,data/raw/cache/europe_stats/2025_shl_playoffs.html,swehockey:combined
2025-shl-regular,true,2025,europe,SHL,2024-25,regular,https://stats.swehockey.se/Teams/Info/PlayersByTeam/15977,data/raw/cache/europe_stats/2025_shl_regular.html,swehockey:combined
2025-sweden-j20-north-regular,true,2025,europe,Sweden Jrs.,2024-25,regular,https://stats.swehockey.se/Teams/Info/PlayersByTeam/15975,data/raw/cache/europe_stats/2025_sweden_j20_north_regular.html,swehockey:combined
2025-sweden-j20-south-regular,true,2025,europe,Sweden Jrs.,2024-25,regular,https://stats.swehockey.se/Teams/Info/PlayersByTeam/15976,data/raw/cache/europe_stats/2025_sweden_j20_south_regular.html,swehockey:combined
2025-ncaa-collegehockeyinc-goalies,true,2025,ncaa,NCAA,2024-25,regular,https://collegehockeyinc.com/conferences/national/natgoalie25.php,data/raw/cache/ncaa_stats/ncaa_2024_25_collegehockeyinc_goalies.html,collegehockeyinc:goalies
2025-ncaa-collegehockeyinc-skaters,true,2025,ncaa,NCAA,2024-25,regular,https://collegehockeyinc.com/conferences/national/natplayer25.php,data/raw/cache/ncaa_stats/ncaa_2024_25_collegehockeyinc_skaters.html,collegehockeyinc:skaters
2025-russia-reviewed-open-stats,true,2025,open_csv,,2024-25,regular,,data/reference/demo_2025_russian_open_stats.csv,reviewed-russian-open-stats
2025-ushl-playoffs-goalies,true,2025,ushl,USHL,2024-25,playoffs,https://lscluster.hockeytech.com/feed/index.php?feed=statviewfeed&view=players&season=87&team=all&position=goalies&rookies=0&statsType=standard&rosterstatus=&site_id=&first=0&limit=1000&sort=save_percentage&league_id=1&lang=en&division=-1&key=e828f89b243dc43f&client_code=ushl,data/raw/cache/ushl_stats/ushl_2024_25_s87_playoffs_goalies.json,87:goalies
2025-ushl-playoffs-skaters,true,2025,ushl,USHL,2024-25,playoffs,https://lscluster.hockeytech.com/feed/index.php?feed=statviewfeed&view=players&season=87&team=all&position=skaters&rookies=0&statsType=standard&rosterstatus=&site_id=&first=0&limit=1000&sort=points&league_id=1&lang=en&division=-1&key=e828f89b243dc43f&client_code=ushl,data/raw/cache/ushl_stats/ushl_2024_25_s87_playoffs_skaters.json,87:skaters
2025-ushl-regular-goalies,true,2025,ushl,USHL,2024-25,regular,https://lscluster.hockeytech.com/feed/index.php?feed=statviewfeed&view=players&season=85&team=all&position=goalies&rookies=0&statsType=standard&rosterstatus=&site_id=&first=0&limit=1000&sort=save_percentage&league_id=1&lang=en&division=-1&key=e828f89b243dc43f&client_code=ushl,data/raw/cache/ushl_stats/ushl_2024_25_s85_regular_goalies.json,85:goalies
2025-ushl-regular-skaters,true,2025,ushl,USHL,2024-25,regular,https://lscluster.hockeytech.com/feed/index.php?feed=statviewfeed&view=players&season=85&team=all&position=skaters&rookies=0&statsType=standard&rosterstatus=&site_id=&first=0&limit=1000&sort=points&league_id=1&lang=en&division=-1&key=e828f89b243dc43f&client_code=ushl,data/raw/cache/ushl_stats/ushl_2024_25_s85_regular_skaters.json,85:skaters
2026-ohl-playoffs,false,2026,chl,OHL,2025-26,playoffs,https://chl.ca/ohl/stats/players/85/all/points,data/raw/cache/chl_stats/ohl_2025_26_s85_playoffs_players.html,chl
2026-ohl-regular,false,2026,chl,OHL,2025-26,regular,https://chl.ca/ohl/stats/players/83/all/points,data/raw/cache/chl_stats/ohl_2025_26_s83_regular_players.html,chl
2026-qmjhl-playoffs,false,2026,chl,QMJHL,2025-26,playoffs,https://chl.ca/lhjmq/en/stats/players/212/all/points,data/raw/cache/chl_stats/qmjhl_2025_26_s212_playoffs_players.html,chl
2026-qmjhl-regular,false,2026,chl,QMJHL,2025-26,regular,https://chl.ca/lhjmq/en/stats/players/211/all/points,data/raw/cache/chl_stats/qmjhl_2025_26_s211_regular_players.html,chl
2026-whl-playoffs,false,2026,chl,WHL,2025-26,playoffs,https://chl.ca/whl/stats/players/293/all/points,data/raw/cache/chl_stats/whl_2025_26_s293_playoffs_players.html,chl
2026-whl-regular,false,2026,chl,WHL,2025-26,regular,https://chl.ca/whl/stats/players/289/all/points,data/raw/cache/chl_stats/whl_2025_26_s289_regular_players.html,chl
2026-ncaa-collegehockeyinc-goalies,true,2026,ncaa,NCAA,2025-26,regular,https://collegehockeyinc.com/conferences/national/natgoalie26.php,data/raw/cache/ncaa_stats/ncaa_2025_26_collegehockeyinc_goalies.html,collegehockeyinc:goalies
2026-ncaa-collegehockeyinc-skaters,true,2026,ncaa,NCAA,2025-26,regular,https://collegehockeyinc.com/conferences/national/natplayer26.php,data/raw/cache/ncaa_stats/ncaa_2025_26_collegehockeyinc_skaters.html,collegehockeyinc:skaters
2026-russia-reviewed-open-stats,true,2026,open_csv,,2025-26,regular,,data/reference/russian_open_stats_2026.csv,reviewed-russian-open-stats
2026-ushl-playoffs-goalies,true,2026,ushl,USHL,2025-26,playoffs,https://lscluster.hockeytech.com/feed/index.php?feed=statviewfeed&view=players&season=90&team=all&position=goalies&rookies=0&statsType=standard&rosterstatus=&site_id=&first=0&limit=1000&sort=save_percentage&league_id=1&lang=en&division=-1&key=e828f89b243dc43f&client_code=ushl,data/raw/cache/ushl_stats/ushl_2025_26_s90_playoffs_goalies.json,90:goalies
2026-ushl-playoffs-skaters,true,2026,ushl,USHL,2025-26,playoffs,https://lscluster.hockeytech.com/feed/index.php?feed=statviewfeed&view=players&season=90&team=all&position=skaters&rookies=0&statsType=standard&rosterstatus=&site_id=&first=0&limit=1000&sort=points&league_id=1&lang=en&division=-1&key=e828f89b243dc43f&client_code=ushl,data/raw/cache/ushl_stats/ushl_2025_26_s90_playoffs_skaters.json,90:skaters
2026-ushl-regular-goalies,true,2026,ushl,USHL,2025-26,regular,https://lscluster.hockeytech.com/feed/index.php?feed=statviewfeed&view=players&season=88&team=all&position=goalies&rookies=0&statsType=standard&rosterstatus=&site_id=&first=0&limit=1000&sort=save_percentage&league_id=1&lang=en&division=-1&key=e828f89b243dc43f&client_code=ushl,data/raw/cache/ushl_stats/ushl_2025_26_s88_regular_goalies.json,88:goalies
2026-ushl-regular-skaters,true,2026,ushl,USHL,2025-26,regular,https://lscluster.hockeytech.com/feed/index.php?feed=statviewfeed&view=players&season=88&team=all&position=skaters&rookies=0&statsType=standard&rosterstatus=&site_id=&first=0&limit=1000&sort=points&league_id=1&lang=en&division=-1&key=e828f89b243dc43f&client_code=ushl,data/raw/cache/ushl_stats/ushl_2025_26_s88_regular_skaters.json,88:skaters
